900146, 1.06, 0.10, -6.56
900150, 1.06, 0.10, -6.61
900153, 1.06, 0.10, -6.55
900163, 1.06, 0.10, -6.33
900166, 1.06, 0.10, -6.04
900170, 1.06, 0.10, -5.67
900174, 1.05, 0.10, -5.23
900183, 1.06, 0.10, -4.55
900187, 1.06, 0.10, -4.01
900191, 1.06, 0.10, -3.46
900195, 1.06, 0.10, -2.90
900204, 1.06, 0.10, -2.17
900207, 1.06, 0.10, -1.66
900211, 1.06, 0.10, -1.19
900215, 1.06, 0.10, -0.76
900222, 1.06, 0.10, -0.28
900227, 1.06, 0.10, 0.01
900231, 1.06, 0.10, 0.23
900234, 1.06, 0.10, 0.38
900241, 1.06, 0.10, 0.66
900245, 1.06, 0.10, 0.65
900249, 1.06, 0.10, 0.57
900253, 1.06, 0.10, 0.44
900256, 1.06, 0.10, 0.25
900261, 1.06, 0.10, 0.31
900265, 1.06, 0.10, 0.02
900270, 1.06, 0.10, -0.29
900274, 1.06, 0.10, -0.63
900282, 1.06, 0.10, -0.09
900285, 1.05, 0.10, -0.48
900289, 1.05, 0.10, -0.85
900293, 1.05, 0.10, -1.21
900301, 1.05, 0.10, -0.33
900305, 1.05, 0.10, -0.69
900308, 1.04, 0.10, -1.00
900313, 1.04, 0.10, -1.27
900322, 1.04, 0.10, -0.00
900325, 1.04, 0.10, -0.24
900329, 1.04, 0.10, -0.44
900333, 1.04, 0.10, -0.57
900341, 1.04, 0.10, 0.84
900345, 1.03, 0.10, 0.74
900348, 1.03, 0.10, 0.68
900353, 1.03, 0.10, 0.68
900357, 1.03, 0.10, 0.73
900362, 1.03, 0.10, 1.87
900365, 1.03, 0.10, 1.94
900369, 1.02, 0.10, 2.04
900373, 1.02, 0.10, 2.17
900381, 1.02, 0.10, 3.72
900385, 1.02, 0.10, 3.81
900389, 1.02, 0.10, 3.90
900392, 1.02, 0.10, 4.01
900402, 1.02, 0.10, 5.37
900406, 1.02, 0.10, 5.40
900409, 1.02, 0.10, 5.43
900413, 1.02, 0.10, 5.45
900422, 1.01, 0.10, 6.63
900426, 1.01, 0.10, 6.57
900430, 1.01, 0.10, 6.50
900433, 1.01, 0.10, 6.43
900443, 1.01, 0.10, 7.41
900447, 1.01, 0.10, 7.28
900451, 1.01, 0.10, 7.14
900454, 1.01, 0.10, 7.01
900463, 1.00, 0.10, 7.89
900466, 1.00, 0.10, 7.72
900470, 1.00, 0.10, 7.56
900474, 1.00, 0.10, 7.42
900483, 1.00, 0.10, 8.31
900487, 1.00, 0.10, 8.15
900490, 1.00, 0.10, 8.02
900494, 1.00, 0.10, 7.90
900503, 0.99, 0.10, 8.84
900506, 0.99, 0.10, 8.72
900510, 0.99, 0.10, 8.62
900514, 0.99, 0.10, 8.56
900523, 0.99, 0.10, 9.34
900527, 0.99, 0.10, 9.28
900530, 0.99, 0.10, 9.25
900534, 0.99, 0.10, 9.24
900543, 0.99, 0.10, 9.86
900547, 0.99, 0.10, 9.86
900550, 0.99, 0.10, 9.88
900554, 0.99, 0.10, 9.92
900562, 0.99, 0.10, 10.21
900567, 0.99, 0.10, 10.26
900571, 0.99, 0.10, 10.32
900574, 0.99, 0.10, 10.39
900582, 0.99, 0.10, 10.29
900585, 0.99, 0.10, 10.38
900589, 0.99, 0.10, 10.47
900593, 0.99, 0.10, 10.57
900601, 1.00, 0.10, 9.93
900605, 1.00, 0.10, 10.06
900610, 1.00, 0.10, 10.18
900613, 0.99, 0.10, 10.28
900622, 1.00, 0.10, 9.20
900625, 1.00, 0.10, 9.35
900629, 1.00, 0.10, 9.49
900633, 1.00, 0.10, 9.61
900641, 1.00, 0.10, 8.01
900645, 1.00, 0.10, 8.19
900649, 1.00, 0.10, 8.36
900654, 1.00, 0.10, 8.50
900663, 1.00, 0.10, 6.50
900666, 1.00, 0.10, 6.71
900670, 1.00, 0.10, 6.90
900674, 1.00, 0.10, 7.05
900683, 1.00, 0.10, 4.91
900686, 1.00, 0.10, 5.13
900690, 1.00, 0.10, 5.32
900695, 1.00, 0.10, 5.48
900703, 1.00, 0.10, 3.30
900707, 1.00, 0.10, 3.52
900710, 1.00, 0.10, 3.70
900714, 1.00, 0.10, 3.83
900723, 1.00, 0.10, 1.54
900726, 1.00, 0.10, 1.74
900730, 1.00, 0.10, 1.90
900734, 1.00, 0.10, 2.02
900743, 1.00, 0.10, -0.01
900747, 1.00, 0.10, 0.14
900750, 1.00, 0.10, 0.27
900754, 1.00, 0.10, 0.35
900763, 1.00, 0.10, -1.52
900767, 1.00, 0.10, -1.41
900770, 1.00, 0.10, -1.32
900774, 0.99, 0.10, -1.27
900783, 0.99, 0.10, -2.69
900787, 0.99, 0.10, -2.62
900791, 0.99, 0.10, -2.58
900794, 0.98, 0.10, -2.57
900802, 0.98, 0.11, -3.61
900806, 0.98, 0.11, -3.60
900810, 0.98, 0.11, -3.60
900814, 0.98, 0.11, -3.62
900823, 0.98, 0.11, -4.31
900827, 0.98, 0.11, -4.34
900831, 0.98, 0.11, -4.37
900834, 0.97, 0.11, -4.42
900842, 0.97, 0.11, -4.71
900846, 0.97, 0.10, -4.77
900850, 0.97, 0.10, -4.82
900854, 0.97, 0.10, -4.88
900862, 0.97, 0.10, -4.84
900867, 0.97, 0.10, -4.91
900871, 0.97, 0.10, -4.97
900874, 0.96, 0.10, -5.04
900883, 0.96, 0.10, -4.77
900886, 0.96, 0.10, -4.84
900890, 0.95, 0.10, -4.90
900894, 0.95, 0.10, -4.96
900902, 0.95, 0.10, -4.52
900907, 0.95, 0.10, -4.59
900911, 0.95, 0.10, -4.64
900915, 0.95, 0.10, -4.69
900923, 0.94, 0.10, -4.21
900926, 0.94, 0.10, -4.26
900930, 0.94, 0.10, -4.30
900934, 0.94, 0.10, -4.33
900942, 0.94, 0.10, -3.82
900946, 0.93, 0.10, -3.85
900951, 0.93, 0.10, -3.88
900955, 0.93, 0.10, -3.90
900963, 0.93, 0.10, -3.44
900966, 0.93, 0.10, -3.47
900970, 0.93, 0.10, -3.48
900974, 0.92, 0.10, -3.48
900983, 0.92, 0.10, -3.04
900986, 0.92, 0.10, -3.06
900990, 0.92, 0.10, -3.06
900995, 0.91, 0.10, -3.07
901003, 0.91, 0.10, -2.67
901007, 0.91, 0.10, -2.69
901010, 0.91, 0.10, -2.70
901014, 0.90, 0.10, -2.70
901023, 0.91, 0.10, -2.30
901026, 0.90, 0.10, -2.32
901030, 0.90, 0.10, -2.33
901035, 0.90, 0.10, -2.35
901043, 0.90, 0.10, -1.95
901047, 0.90, 0.10, -1.98
901050, 0.90, 0.10, -2.01
901054, 0.90, 0.10, -2.03
901062, 0.90, 0.10, -1.61
901066, 0.90, 0.10, -1.65
901069, 0.90, 0.10, -1.68
901073, 0.89, 0.10, -1.71
901082, 0.89, 0.10, -1.22
901086, 0.89, 0.10, -1.27
901090, 0.89, 0.10, -1.32
901093, 0.89, 0.10, -1.35
901102, 0.89, 0.10, -0.80
901106, 0.89, 0.10, -0.86
901110, 0.89, 0.10, -0.91
901113, 0.89, 0.10, -0.95
901122, 0.88, 0.10, -0.41
901126, 0.88, 0.10, -0.47
901130, 0.88, 0.10, -0.52
901134, 0.88, 0.10, -0.56
901142, 0.88, 0.10, -0.04
901145, 0.88, 0.10, -0.09
901149, 0.88, 0.10, -0.13
901153, 0.88, 0.10, -0.17
901161, 0.88, 0.10, 0.30
901166, 0.88, 0.10, 0.27
901170, 0.88, 0.10, 0.24
901174, 0.88, 0.10, 0.22
901182, 0.88, 0.10, 0.53
901185, 0.88, 0.10, 0.51
901189, 0.88, 0.10, 0.50
901193, 0.88, 0.10, 0.51
901197, 0.88, 0.10, 0.52
901202, 0.88, 0.10, 0.62
901206, 0.88, 0.10, 0.64
901210, 0.88, 0.10, 0.66
901214, 0.88, 0.10, 0.69
901222, 0.88, 0.10, 0.61
901226, 0.88, 0.10, 0.65
901229, 0.88, 0.10, 0.69
901233, 0.88, 0.10, 0.74
901243, 0.88, 0.10, 0.36
901246, 0.88, 0.10, 0.42
901251, 0.88, 0.10, 0.49
901255, 0.88, 0.10, 0.55
901263, 0.87, 0.10, 0.01
901267, 0.87, 0.10, 0.09
901270, 0.87, 0.10, 0.17
901274, 0.87, 0.10, 0.24
901283, 0.88, 0.10, -0.52
901286, 0.88, 0.10, -0.42
901291, 0.88, 0.10, -0.34
901295, 0.88, 0.10, -0.27
901303, 0.88, 0.10, -1.08
901307, 0.88, 0.10, -0.99
901310, 0.88, 0.10, -0.91
901314, 0.88, 0.10, -0.84
901323, 0.88, 0.10, -1.76
901327, 0.88, 0.10, -1.67
901330, 0.88, 0.10, -1.60
901335, 0.88, 0.10, -1.54
901343, 0.88, 0.10, -2.36
901347, 0.88, 0.10, -2.29
901351, 0.88, 0.10, -2.23
901354, 0.88, 0.10, -2.19
901363, 0.88, 0.10, -2.95
901367, 0.88, 0.10, -2.90
901370, 0.88, 0.10, -2.87
901374, 0.88, 0.10, -2.85
901383, 0.87, 0.10, -3.40
901387, 0.87, 0.10, -3.37
901391, 0.87, 0.10, -3.36
901395, 0.87, 0.10, -3.36
901403, 0.87, 0.10, -3.72
901407, 0.87, 0.10, -3.73
901411, 0.87, 0.10, -3.74
901414, 0.87, 0.10, -3.76
901423, 0.87, 0.10, -3.87
901427, 0.87, 0.10, -3.90
901431, 0.87, 0.10, -3.94
901435, 0.87, 0.10, -3.97
901443, 0.87, 0.10, -3.87
901447, 0.87, 0.10, -3.92
901451, 0.87, 0.10, -3.97
901454, 0.86, 0.10, -4.02
901463, 0.87, 0.10, -3.73
901467, 0.87, 0.10, -3.80
901471, 0.87, 0.10, -3.85
901475, 0.87, 0.10, -3.91
901483, 0.87, 0.10, -3.47
901487, 0.87, 0.10, -3.54
901490, 0.86, 0.10, -3.60
901494, 0.86, 0.10, -3.65
901504, 0.86, 0.10, -3.09
901507, 0.86, 0.10, -3.15
901511, 0.86, 0.10, -3.21
901515, 0.86, 0.10, -3.26
901523, 0.87, 0.10, -2.71
901527, 0.87, 0.10, -2.77
901530, 0.87, 0.10, -2.81
901534, 0.87, 0.10, -2.84
901543, 0.87, 0.10, -2.29
901548, 0.87, 0.10, -2.34
901551, 0.87, 0.10, -2.37
901555, 0.87, 0.10, -2.39
901563, 0.87, 0.10, -1.95
901567, 0.86, 0.10, -1.97
901571, 0.86, 0.10, -1.99
901574, 0.86, 0.10, -1.99
901583, 0.87, 0.10, -1.64
901587, 0.87, 0.10, -1.65
901591, 0.86, 0.10, -1.65
901595, 0.86, 0.10, -1.64
901603, 0.86, 0.10, -1.41
901607, 0.86, 0.10, -1.40
901611, 0.86, 0.10, -1.39
901614, 0.86, 0.10, -1.38
901623, 0.87, 0.10, -1.22
901627, 0.87, 0.10, -1.21
901632, 0.87, 0.10, -1.20
901635, 0.87, 0.10, -1.18
901643, 0.87, 0.10, -1.09
901647, 0.87, 0.10, -1.07
901651, 0.87, 0.10, -1.06
901655, 0.87, 0.10, -1.05
901663, 0.86, 0.10, -0.96
901666, 0.86, 0.10, -0.96
901670, 0.86, 0.10, -0.95
901675, 0.86, 0.10, -0.95
901684, 0.87, 0.10, -0.83
901687, 0.87, 0.10, -0.83
901691, 0.87, 0.10, -0.84
901695, 0.87, 0.10, -0.85
901702, 0.87, 0.10, -0.67
901706, 0.87, 0.10, -0.70
901709, 0.87, 0.10, -0.72
901713, 0.87, 0.10, -0.74
901723, 0.87, 0.10, -0.42
901726, 0.87, 0.10, -0.46
901730, 0.87, 0.10, -0.50
901734, 0.87, 0.10, -0.54
901742, 0.87, 0.10, -0.12
901746, 0.87, 0.10, -0.18
901749, 0.87, 0.10, -0.23
901753, 0.86, 0.10, -0.28
901763, 0.86, 0.10, 0.27
901767, 0.86, 0.10, 0.21
901770, 0.86, 0.10, 0.14
901774, 0.86, 0.10, 0.09
901782, 0.86, 0.10, 0.69
901786, 0.86, 0.10, 0.61
901790, 0.86, 0.10, 0.55
901793, 0.86, 0.10, 0.50
901803, 0.87, 0.10, 1.17
901807, 0.87, 0.10, 1.10
901810, 0.87, 0.10, 1.04
901814, 0.87, 0.10, 0.99
901822, 0.87, 0.10, 1.61
901826, 0.87, 0.10, 1.55
901830, 0.87, 0.10, 1.50
901833, 0.87, 0.10, 1.47
901842, 0.87, 0.10, 2.04
901847, 0.87, 0.10, 2.00
901851, 0.87, 0.10, 1.97
901854, 0.87, 0.10, 1.95
901862, 0.87, 0.10, 2.38
901866, 0.87, 0.10, 2.36
901870, 0.87, 0.10, 2.35
901874, 0.87, 0.10, 2.35
901882, 0.87, 0.10, 2.63
901886, 0.87, 0.10, 2.64
901891, 0.87, 0.10, 2.64
901894, 0.87, 0.10, 2.66
901902, 0.87, 0.10, 2.76
901906, 0.87, 0.10, 2.78
901910, 0.88, 0.10, 2.81
901914, 0.88, 0.10, 2.84
901922, 0.88, 0.10, 2.76
901926, 0.88, 0.10, 2.80
901931, 0.88, 0.10, 2.84
901934, 0.88, 0.10, 2.88
901943, 0.88, 0.10, 2.66
901946, 0.88, 0.10, 2.71
901950, 0.88, 0.10, 2.75
901954, 0.88, 0.10, 2.79
901962, 0.88, 0.10, 2.45
901966, 0.88, 0.10, 2.50
901969, 0.88, 0.10, 2.55
901974, 0.89, 0.10, 2.59
901983, 0.89, 0.10, 2.13
901986, 0.89, 0.10, 2.19
901990, 0.89, 0.10, 2.23
901994, 0.89, 0.10, 2.27
902003, 0.89, 0.10, 1.75
902007, 0.89, 0.10, 1.80
902010, 0.90, 0.10, 1.85
902014, 0.90, 0.10, 1.88
902024, 0.89, 0.10, 1.37
902027, 0.89, 0.10, 1.41
902031, 0.90, 0.10, 1.45
902035, 0.90, 0.10, 1.47
902043, 0.90, 0.10, 1.00
902047, 0.90, 0.10, 1.04
902050, 0.90, 0.10, 1.07
902054, 0.90, 0.10, 1.08
902064, 0.90, 0.10, 0.63
902068, 0.90, 0.10, 0.65
902071, 0.91, 0.10, 0.67
902075, 0.90, 0.10, 0.68
902083, 0.91, 0.10, 0.30
902087, 0.91, 0.10, 0.32
902091, 0.91, 0.10, 0.33
902094, 0.90, 0.10, 0.34
902104, 0.91, 0.10, 0.00
902108, 0.91, 0.10, 0.01
902111, 0.91, 0.10, 0.02
902115, 0.91, 0.10, 0.02
902123, 0.91, 0.10, -0.23
902127, 0.91, 0.10, -0.22
902131, 0.91, 0.10, -0.22
902134, 0.91, 0.10, -0.22
902144, 0.91, 0.10, -0.43
902148, 0.91, 0.10, -0.42
902152, 0.91, 0.10, -0.42
902155, 0.91, 0.10, -0.42
902163, 0.91, 0.10, -0.56
902167, 0.91, 0.10, -0.56
902171, 0.91, 0.10, -0.55
902175, 0.92, 0.10, -0.55
902183, 0.92, 0.10, -0.65
902188, 0.92, 0.10, -0.65
902192, 0.92, 0.10, -0.65
902195, 0.92, 0.10, -0.65
902204, 0.92, 0.10, -0.68
902207, 0.92, 0.10, -0.69
902211, 0.92, 0.10, -0.69
902215, 0.92, 0.10, -0.69
902223, 0.92, 0.10, -0.67
902227, 0.92, 0.10, -0.68
902231, 0.92, 0.10, -0.68
902235, 0.92, 0.10, -0.69
902244, 0.92, 0.10, -0.60
902247, 0.92, 0.10, -0.61
902251, 0.92, 0.10, -0.62
902255, 0.92, 0.10, -0.64
902262, 0.92, 0.10, -0.49
902266, 0.92, 0.10, -0.51
902269, 0.92, 0.10, -0.53
902274, 0.92, 0.10, -0.55
902278, 0.92, 0.10, -0.56
902283, 0.92, 0.10, -0.39
902287, 0.92, 0.10, -0.42
902290, 0.92, 0.10, -0.43
902294, 0.92, 0.10, -0.45
902302, 0.92, 0.10, -0.10
902306, 0.92, 0.10, -0.13
902310, 0.92, 0.10, -0.16
902313, 0.92, 0.10, -0.18
902323, 0.92, 0.10, 0.26
902327, 0.92, 0.10, 0.22
902330, 0.92, 0.10, 0.18
902334, 0.92, 0.10, 0.14
902342, 0.92, 0.10, 0.62
902346, 0.92, 0.10, 0.57
902350, 0.92, 0.10, 0.52
902353, 0.92, 0.10, 0.48
902363, 0.92, 0.10, 1.05
902367, 0.92, 0.10, 0.98
902370, 0.92, 0.10, 0.93
902374, 0.92, 0.10, 0.89
902382, 0.92, 0.10, 1.45
902386, 0.92, 0.10, 1.39
902390, 0.92, 0.10, 1.34
902393, 0.92, 0.10, 1.30
902403, 0.93, 0.10, 1.91
902407, 0.93, 0.10, 1.85
902411, 0.93, 0.10, 1.80
902414, 0.93, 0.10, 1.77
902422, 0.93, 0.10, 2.31
902426, 0.93, 0.10, 2.27
902430, 0.93, 0.10, 2.23
902434, 0.93, 0.10, 2.21
902443, 0.93, 0.10, 2.73
902447, 0.93, 0.10, 2.69
902451, 0.93, 0.10, 2.67
902454, 0.93, 0.10, 2.65
902463, 0.93, 0.10, 3.05
902472, 0.93, 0.10, 2.99
902482, 0.93, 0.10, 3.31
902492, 0.94, 0.10, 3.26
902503, 0.94, 0.10, 3.40
902512, 0.94, 0.10, 3.36
902522, 0.94, 0.10, 3.35
902532, 0.94, 0.10, 3.33
902543, 0.95, 0.10, 3.20
902552, 0.95, 0.10, 3.21
902563, 0.95, 0.10, 2.99
902572, 0.95, 0.10, 3.03
902583, 0.95, 0.10, 2.75
902592, 0.95, 0.10, 2.84
902603, 0.95, 0.10, 2.51
902612, 0.95, 0.10, 2.64
902623, 0.95, 0.10, 2.31
902632, 0.96, 0.10, 2.47
902642, 0.96, 0.10, 2.15
902652, 0.96, 0.10, 2.33
902663, 0.97, 0.10, 2.01
902672, 0.97, 0.10, 2.20
902682, 0.97, 0.10, 1.92
902692, 0.97, 0.10, 2.11
902703, 0.97, 0.10, 1.85
902712, 0.97, 0.10, 2.01
902723, 0.97, 0.10, 1.79
902732, 0.97, 0.10, 1.92
902743, 0.97, 0.10, 1.73
902752, 0.97, 0.10, 1.81
902763, 0.97, 0.10, 1.66
902772, 0.97, 0.10, 1.70
902782, 0.97, 0.10, 1.57
902792, 0.97, 0.10, 1.56
902803, 0.97, 0.10, 1.47
902812, 0.97, 0.10, 1.42
902822, 0.97, 0.10, 1.36
902832, 0.97, 0.10, 1.28
902843, 0.97, 0.10, 1.24
902852, 0.97, 0.10, 1.14
902862, 0.97, 0.10, 1.14
902872, 0.97, 0.10, 1.03
902883, 0.97, 0.10, 1.05
902892, 0.97, 0.10, 0.94
902902, 0.97, 0.10, 1.00
902913, 0.97, 0.10, 0.90
902923, 0.97, 0.10, 0.99
902932, 0.97, 0.10, 0.91
902942, 0.97, 0.10, 1.02
902952, 0.97, 0.10, 0.96
902963, 0.98, 0.10, 1.11
902972, 0.98, 0.10, 1.07
902983, 0.98, 0.10, 1.23
902992, 0.97, 0.10, 1.21
903003, 0.98, 0.10, 1.40
903012, 0.97, 0.10, 1.40
903023, 0.98, 0.10, 1.59
903032, 0.97, 0.10, 1.59
903044, 0.98, 0.10, 1.79
903052, 0.98, 0.10, 1.80
903063, 0.98, 0.10, 1.97
903072, 0.98, 0.10, 1.98
903084, 0.98, 0.10, 2.14
903092, 0.97, 0.10, 2.14
903103, 0.97, 0.10, 2.26
903112, 0.98, 0.10, 2.25
903122, 0.98, 0.10, 2.33
903132, 0.98, 0.10, 2.31
903143, 0.98, 0.10, 2.34
903152, 0.98, 0.10, 2.32
903162, 0.98, 0.10, 2.28
903172, 0.98, 0.10, 2.26
903183, 0.98, 0.10, 2.15
903192, 0.98, 0.10, 2.14
903202, 0.98, 0.10, 1.97
903212, 0.98, 0.10, 1.98
903223, 0.98, 0.10, 1.75
903232, 0.98, 0.10, 1.78
903243, 0.99, 0.10, 1.51
903252, 0.98, 0.10, 1.57
903263, 0.99, 0.10, 1.27
903272, 0.99, 0.10, 1.36
903284, 0.99, 0.10, 1.04
903292, 0.99, 0.10, 1.16
903305, 0.99, 0.10, 0.86
903312, 0.99, 0.10, 0.99
903324, 0.98, 0.10, 0.76
903332, 0.98, 0.10, 0.90
903345, 0.98, 0.10, 0.72
903352, 0.98, 0.10, 0.85
903364, 0.99, 0.10, 0.75
903372, 0.99, 0.10, 0.86
903384, 0.99, 0.10, 0.83
903392, 0.99, 0.10, 0.91
903403, 0.99, 0.10, 0.93
903412, 0.99, 0.10, 0.97
903424, 0.99, 0.10, 1.01
903432, 0.99, 0.10, 0.99
903443, 0.99, 0.10, 1.05
903452, 0.99, 0.10, 0.99
903462, 0.99, 0.10, 1.03
903472, 0.99, 0.10, 0.93
903483, 0.99, 0.10, 0.94
903492, 0.99, 0.10, 0.81
903503, 0.99, 0.10, 0.79
903512, 0.99, 0.10, 0.65
903523, 0.99, 0.10, 0.59
903532, 0.99, 0.10, 0.47
903543, 0.99, 0.10, 0.38
903552, 0.99, 0.10, 0.28
903564, 0.99, 0.10, 0.17
903572, 0.99, 0.10, 0.12
903584, 0.99, 0.10, 0.02
903592, 0.99, 0.10, 0.02
903605, 0.99, 0.10, -0.06
903612, 0.99, 0.10, -0.01
903624, 0.99, 0.10, -0.04
903632, 0.99, 0.10, 0.04
903645, 0.98, 0.10, 0.06
903652, 0.98, 0.10, 0.16
903663, 0.98, 0.10, 0.24
903672, 0.98, 0.10, 0.35
903684, 0.98, 0.10, 0.46
903692, 0.98, 0.10, 0.56
903703, 0.98, 0.10, 0.70
903712, 0.98, 0.10, 0.78
903724, 0.98, 0.10, 0.93
903732, 0.98, 0.10, 0.96
903743, 0.98, 0.10, 1.09
903752, 0.98, 0.10, 1.08
903763, 0.98, 0.10, 1.17
903772, 0.98, 0.10, 1.12
903783, 0.98, 0.10, 1.17
903792, 0.98, 0.10, 1.09
903803, 0.99, 0.10, 1.09
903812, 0.99, 0.10, 0.99
903824, 0.99, 0.10, 0.95
903832, 0.99, 0.10, 0.84
903843, 0.99, 0.10, 0.76
903853, 0.99, 0.10, 0.67
903864, 0.99, 0.10, 0.58
903872, 0.99, 0.10, 0.52
903883, 0.98, 0.10, 0.43
903892, 0.98, 0.10, 0.40
903903, 0.99, 0.10, 0.34
903912, 0.99, 0.10, 0.34
903923, 0.98, 0.10, 0.31
903932, 0.98, 0.10, 0.35
903943, 0.98, 0.10, 0.37
903952, 0.98, 0.10, 0.43
903963, 0.98, 0.10, 0.50
903972, 0.98, 0.10, 0.57
903984, 0.98, 0.10, 0.68
903992, 0.98, 0.10, 0.74
904003, 0.98, 0.10, 0.88
904012, 0.98, 0.10, 0.94
904024, 0.98, 0.10, 1.08
904032, 0.98, 0.10, 1.11
904044, 0.98, 0.10, 1.24
904052, 0.98, 0.10, 1.24
904064, 0.99, 0.10, 1.34
904072, 0.98, 0.10, 1.32
904084, 0.99, 0.10, 1.38
904092, 0.99, 0.10, 1.33
904103, 0.99, 0.10, 1.34
904112, 0.99, 0.10, 1.28
904124, 0.98, 0.10, 1.24
904132, 0.98, 0.10, 1.17
904143, 0.98, 0.10, 1.10
904152, 0.98, 0.10, 1.04
904163, 0.99, 0.10, 0.94
904172, 0.99, 0.10, 0.89
904183, 0.99, 0.10, 0.79
904193, 0.99, 0.10, 0.77
904204, 0.99, 0.10, 0.67
904212, 0.98, 0.10, 0.68
904223, 0.99, 0.10, 0.60
904232, 0.99, 0.10, 0.63
904244, 0.99, 0.10, 0.59
904252, 0.99, 0.10, 0.64
904264, 0.99, 0.10, 0.64
904272, 0.99, 0.10, 0.70
904284, 0.99, 0.10, 0.73
904292, 0.99, 0.10, 0.80
904303, 0.98, 0.10, 0.85
904312, 0.98, 0.10, 0.91
904324, 0.99, 0.10, 0.98
904332, 0.99, 0.10, 1.02
904343, 0.98, 0.10, 1.08
904352, 0.98, 0.10, 1.10
904364, 0.98, 0.10, 1.14
904372, 0.98, 0.10, 1.14
904383, 0.98, 0.10, 1.15
904392, 0.98, 0.10, 1.13
904403, 0.98, 0.10, 1.10
904412, 0.98, 0.10, 1.06
904424, 0.98, 0.10, 0.99
904432, 0.98, 0.10, 0.95
904443, 0.99, 0.10, 0.84
904452, 0.99, 0.10, 0.80
904464, 0.99, 0.10, 0.68
904472, 0.99, 0.10, 0.66
904484, 0.98, 0.10, 0.53
904492, 0.98, 0.10, 0.52
904504, 0.98, 0.10, 0.42
904512, 0.98, 0.10, 0.43
904524, 0.98, 0.10, 0.36
904532, 0.98, 0.10, 0.38
904544, 0.98, 0.10, 0.36
904552, 0.98, 0.10, 0.40
904563, 0.98, 0.10, 0.43
904572, 0.98, 0.10, 0.48
904584, 0.98, 0.10, 0.56
904592, 0.98, 0.10, 0.60
904603, 0.98, 0.10, 0.72
904612, 0.98, 0.10, 0.74
904624, 0.98, 0.10, 0.88
904632, 0.98, 0.10, 0.89
904643, 0.98, 0.10, 1.03
904652, 0.98, 0.10, 1.01
904664, 0.98, 0.10, 1.14
904672, 0.98, 0.10, 1.10
904684, 0.98, 0.10, 1.19
904692, 0.98, 0.10, 1.13
904704, 0.98, 0.10, 1.18
904712, 0.98, 0.10, 1.11
904724, 0.98, 0.10, 1.11
904732, 0.98, 0.10, 1.04
904744, 0.98, 0.10, 0.99
904752, 0.98, 0.10, 0.94
904764, 0.98, 0.10, 0.85
904772, 0.98, 0.10, 0.82
904783, 0.99, 0.10, 0.71
904792, 0.99, 0.10, 0.70
904804, 0.99, 0.10, 0.59
904812, 0.98, 0.10, 0.61
904823, 0.98, 0.10, 0.51
904833, 0.98, 0.10, 0.56
904844, 0.99, 0.10, 0.48
904852, 0.98, 0.10, 0.55
904863, 0.98, 0.10, 0.49
904872, 0.98, 0.10, 0.58
904884, 0.98, 0.10, 0.55
904892, 0.98, 0.10, 0.64
904904, 0.99, 0.10, 0.65
904912, 0.98, 0.10, 0.73
904924, 0.98, 0.10, 0.75
904932, 0.98, 0.10, 0.81
904944, 0.99, 0.10, 0.85
904952, 0.99, 0.10, 0.89
904965, 0.99, 0.10, 0.93
904972, 0.99, 0.10, 0.93
904984, 0.99, 0.10, 0.95
904992, 0.98, 0.10, 0.93
905005, 0.98, 0.10, 0.94
905012, 0.98, 0.10, 0.89
905024, 0.97, 0.10, 0.87
905032, 0.98, 0.10, 0.81
905043, 0.98, 0.10, 0.77
905052, 0.98, 0.10, 0.70
905064, 0.98, 0.10, 0.64
905072, 0.98, 0.10, 0.58
905083, 0.98, 0.10, 0.52
905092, 0.98, 0.10, 0.47
905104, 0.98, 0.10, 0.40
905112, 0.98, 0.10, 0.37
905124, 0.98, 0.10, 0.33
905132, 0.98, 0.10, 0.32
905144, 0.98, 0.10, 0.30
905152, 0.98, 0.10, 0.32
905164, 0.98, 0.10, 0.33
905172, 0.98, 0.10, 0.36
905184, 0.98, 0.10, 0.41
905192, 0.98, 0.10, 0.45
905204, 0.98, 0.10, 0.53
905212, 0.98, 0.10, 0.57
905224, 0.98, 0.10, 0.68
905232, 0.98, 0.10, 0.71
905244, 0.98, 0.10, 0.83
905252, 0.98, 0.10, 0.85
905264, 0.99, 0.10, 0.96
905272, 0.98, 0.10, 0.96
905284, 0.98, 0.10, 1.05
905292, 0.98, 0.10, 1.04
905304, 0.98, 0.10, 1.10
905312, 0.98, 0.10, 1.07
905324, 0.98, 0.10, 1.10
905332, 0.98, 0.10, 1.06
905344, 0.98, 0.10, 1.05
905352, 0.98, 0.10, 1.01
905364, 0.98, 0.10, 0.97
905372, 0.98, 0.10, 0.93
905384, 0.98, 0.10, 0.88
905392, 0.98, 0.10, 0.84
905405, 0.98, 0.10, 0.78
905412, 0.98, 0.10, 0.77
905424, 0.98, 0.10, 0.72
905432, 0.98, 0.10, 0.71
905444, 0.98, 0.10, 0.68
905452, 0.98, 0.10, 0.70
905464, 0.98, 0.10, 0.70
905473, 0.98, 0.10, 0.72
905484, 0.98, 0.10, 0.75
905492, 0.98, 0.10, 0.78
905504, 0.99, 0.10, 0.84
905512, 0.98, 0.10, 0.87
905524, 0.98, 0.10, 0.95
905532, 0.98, 0.10, 0.98
905544, 0.99, 0.10, 1.06
905552, 0.98, 0.10, 1.08
905564, 0.98, 0.10, 1.17
905572, 0.98, 0.10, 1.17
905584, 0.98, 0.10, 1.24
905592, 0.98, 0.10, 1.23
905605, 0.99, 0.10, 1.27
905612, 0.98, 0.10, 1.24
905624, 0.98, 0.10, 1.24
905632, 0.98, 0.10, 1.20
905645, 0.98, 0.10, 1.16
905652, 0.98, 0.10, 1.12
905664, 0.98, 0.10, 1.03
905672, 0.98, 0.10, 1.01
905684, 0.98, 0.10, 0.88
905692, 0.98, 0.10, 0.87
905704, 0.98, 0.10, 0.73
905712, 0.98, 0.10, 0.73
905724, 0.98, 0.10, 0.59
905732, 0.98, 0.10, 0.62
905744, 0.98, 0.10, 0.50
905752, 0.98, 0.10, 0.55
905764, 0.98, 0.10, 0.46
905772, 0.98, 0.10, 0.52
905785, 0.98, 0.10, 0.48
905792, 0.98, 0.10, 0.55
905804, 0.98, 0.10, 0.56
905812, 0.98, 0.10, 0.62
905825, 0.98, 0.10, 0.67
905832, 0.98, 0.10, 0.72
905844, 0.98, 0.10, 0.79
905852, 0.98, 0.10, 0.82
905865, 0.98, 0.10, 0.90
905872, 0.98, 0.10, 0.90
905884, 0.98, 0.10, 0.97
905892, 0.98, 0.10, 0.94
905905, 0.99, 0.10, 0.98
905912, 0.98, 0.10, 0.94
905924, 0.98, 0.10, 0.93
905932, 0.98, 0.10, 0.88
905945, 0.98, 0.10, 0.83
905952, 0.98, 0.10, 0.77
905964, 0.98, 0.10, 0.68
905972, 0.98, 0.10, 0.63
905985, 0.98, 0.10, 0.52
905992, 0.98, 0.10, 0.48
906005, 0.98, 0.10, 0.36
906012, 0.98, 0.10, 0.35
906024, 0.99, 0.10, 0.25
906032, 0.98, 0.10, 0.26
906046, 0.99, 0.10, 0.18
906052, 0.99, 0.10, 0.22
906065, 0.99, 0.10, 0.19
906072, 0.99, 0.10, 0.25
906085, 0.98, 0.10, 0.28
906092, 0.98, 0.10, 0.34
906104, 0.98, 0.10, 0.42
906113, 0.98, 0.10, 0.47
906125, 0.99, 0.10, 0.60
906132, 0.98, 0.10, 0.64
906144, 0.98, 0.10, 0.79
906152, 0.98, 0.10, 0.81
906165, 0.99, 0.10, 0.97
906172, 0.99, 0.10, 0.96
906184, 0.99, 0.10, 1.09
906192, 0.99, 0.10, 1.05
906205, 0.99, 0.10, 1.15
906212, 0.99, 0.10, 1.09
906224, 0.99, 0.10, 1.14
906232, 0.99, 0.10, 1.07
906245, 0.99, 0.10, 1.06
906252, 0.98, 0.10, 0.98
906265, 0.98, 0.10, 0.93
906272, 0.98, 0.10, 0.86
906285, 0.99, 0.10, 0.76
906292, 0.98, 0.10, 0.71
906305, 0.98, 0.10, 0.59
906312, 0.98, 0.10, 0.57
906324, 0.98, 0.10, 0.44
906332, 0.98, 0.10, 0.46
906344, 0.98, 0.10, 0.35
906352, 0.98, 0.10, 0.40
906365, 0.99, 0.10, 0.32
906372, 0.99, 0.10, 0.38
906385, 0.99, 0.10, 0.36
906392, 0.99, 0.10, 0.45
906404, 0.99, 0.10, 0.49
906412, 0.99, 0.10, 0.58
906425, 0.99, 0.10, 0.69
906432, 0.99, 0.10, 0.76
906445, 0.99, 0.10, 0.93
906452, 0.99, 0.10, 0.97
906465, 0.99, 0.10, 1.18
906472, 0.99, 0.10, 1.18
906485, 0.98, 0.10, 1.41
906492, 0.98, 0.10, 1.37
906505, 0.98, 0.10, 1.58
906512, 0.98, 0.10, 1.50
906525, 0.98, 0.10, 1.67
906532, 0.98, 0.10, 1.56
906545, 0.98, 0.10, 1.66
906552, 0.98, 0.10, 1.53
906565, 0.98, 0.10, 1.54
906572, 0.98, 0.10, 1.42
906585, 0.98, 0.10, 1.34
906592, 0.98, 0.10, 1.24
906604, 0.99, 0.10, 1.10
906612, 0.98, 0.10, 1.03
906625, 0.99, 0.10, 0.85
906632, 0.99, 0.10, 0.83
906645, 0.98, 0.10, 0.66
906652, 0.98, 0.10, 0.69
906664, 0.98, 0.10, 0.54
906672, 0.98, 0.10, 0.62
906685, 0.98, 0.10, 0.54
906692, 0.98, 0.10, 0.65
906705, 0.98, 0.10, 0.65
906712, 0.98, 0.10, 0.78
906725, 0.98, 0.10, 0.86
906732, 0.98, 0.10, 0.99
906745, 0.98, 0.10, 1.14
906752, 0.98, 0.10, 1.24
906765, 0.98, 0.10, 1.42
906772, 0.98, 0.10, 1.48
906784, 0.99, 0.10, 1.67
906792, 0.98, 0.10, 1.69
906805, 0.98, 0.10, 1.84
906812, 0.98, 0.10, 1.81
906824, 0.98, 0.10, 1.89
906832, 0.98, 0.10, 1.82
906845, 0.99, 0.10, 1.82
906852, 0.99, 0.10, 1.72
906865, 0.99, 0.10, 1.61
906872, 0.98, 0.10, 1.50
906885, 0.99, 0.10, 1.30
906892, 0.99, 0.10, 1.21
906905, 0.99, 0.10, 0.93
906912, 0.99, 0.10, 0.87
906926, 0.99, 0.10, 0.55
906932, 0.99, 0.10, 0.53
906946, 0.99, 0.10, 0.19
906952, 0.99, 0.10, 0.23
906966, 0.99, 0.10, -0.07
906972, 0.99, 0.10, 0.02
906986, 0.99, 0.10, -0.22
906992, 0.98, 0.10, -0.09
907005, 0.99, 0.10, -0.23
907012, 0.99, 0.10, -0.08
907026, 0.98, 0.10, -0.12
907032, 0.98, 0.10, 0.03
907045, 0.99, 0.10, 0.09
907052, 0.99, 0.10, 0.22
907065, 0.98, 0.10, 0.37
907072, 0.98, 0.10, 0.47
907085, 0.98, 0.10, 0.66
907091, 0.98, 0.10, 0.71
907106, 0.98, 0.10, 0.92
907112, 0.98, 0.10, 0.90
907125, 0.98, 0.10, 1.09
907132, 0.98, 0.10, 1.01
907145, 0.98, 0.10, 1.15
907152, 0.98, 0.09, 1.02
907165, 0.98, 0.10, 1.10
907172, 0.98, 0.09, 0.94
907185, 0.98, 0.10, 0.93
907192, 0.98, 0.10, 0.76
907205, 0.99, 0.10, 0.69
907212, 0.98, 0.10, 0.53
907225, 0.98, 0.10, 0.40
907232, 0.98, 0.10, 0.28
907245, 0.99, 0.10, 0.13
907252, 0.98, 0.10, 0.06
907266, 0.98, 0.10, -0.08
907272, 0.98, 0.10, -0.09
907286, 0.98, 0.10, -0.20
907292, 0.98, 0.10, -0.14
907307, 0.98, 0.10, -0.18
907312, 0.98, 0.10, -0.09
907326, 0.98, 0.10, -0.04
907332, 0.98, 0.10, 0.08
907345, 0.98, 0.10, 0.21
907352, 0.98, 0.10, 0.34
907366, 0.98, 0.10, 0.54
907372, 0.98, 0.10, 0.65
907385, 0.98, 0.09, 0.89
907393, 0.98, 0.09, 0.97
907405, 0.98, 0.09, 1.21
907412, 0.98, 0.10, 1.26
907425, 0.98, 0.10, 1.47
907432, 0.98, 0.10, 1.46
907445, 0.99, 0.10, 1.62
907452, 0.99, 0.09, 1.57
907465, 0.98, 0.10, 1.64
907472, 0.99, 0.09, 1.55
907485, 0.99, 0.10, 1.54
907492, 0.98, 0.10, 1.42
907505, 0.99, 0.10, 1.32
907512, 0.98, 0.10, 1.21
907526, 0.98, 0.10, 1.03
907532, 0.98, 0.10, 0.93
907545, 0.98, 0.10, 0.72
907552, 0.98, 0.10, 0.65
907566, 0.98, 0.10, 0.42
907572, 0.98, 0.10, 0.40
907586, 0.98, 0.10, 0.18
907592, 0.98, 0.10, 0.22
907607, 0.98, 0.10, 0.04
907612, 0.98, 0.10, 0.12
907626, 0.99, 0.10, 0.02
907632, 0.99, 0.10, 0.13
907646, 0.99, 0.10, 0.11
907652, 0.99, 0.10, 0.23
907666, 0.99, 0.10, 0.33
907672, 0.99, 0.10, 0.45
907685, 0.98, 0.10, 0.63
907692, 0.98, 0.10, 0.72
907705, 0.98, 0.10, 0.97
907712, 0.98, 0.10, 1.03
907725, 0.98, 0.10, 1.32
907732, 0.98, 0.10, 1.31
907746, 0.98, 0.10, 1.60
907752, 0.98, 0.10, 1.54
907765, 0.98, 0.10, 1.79
907772, 0.98, 0.10, 1.68
907786, 0.98, 0.10, 1.84
907792, 0.98, 0.10, 1.70
907805, 0.98, 0.10, 1.77
907812, 0.98, 0.10, 1.60
907826, 0.98, 0.10, 1.57
907832, 0.98, 0.10, 1.42
907845, 0.98, 0.10, 1.29
907852, 0.98, 0.10, 1.16
907866, 0.98, 0.10, 0.98
907872, 0.98, 0.10, 0.90
907885, 0.98, 0.10, 0.69
907892, 0.98, 0.10, 0.67
907906, 0.99, 0.10, 0.47
907912, 0.99, 0.10, 0.51
907926, 0.99, 0.10, 0.35
907932, 0.98, 0.10, 0.45
907947, 0.98, 0.10, 0.36
907952, 0.98, 0.10, 0.50
907966, 0.99, 0.10, 0.50
907972, 0.99, 0.10, 0.66
907985, 0.99, 0.10, 0.75
907992, 0.99, 0.10, 0.91
908006, 0.98, 0.10, 1.07
908012, 0.98, 0.10, 1.20
908025, 0.98, 0.10, 1.39
908032, 0.98, 0.10, 1.48
908046, 0.98, 0.10, 1.66
908052, 0.98, 0.10, 1.69
908065, 0.98, 0.10, 1.83
908072, 0.98, 0.10, 1.80
908086, 0.98, 0.10, 1.87
908092, 0.98, 0.10, 1.79
908105, 0.98, 0.10, 1.75
908112, 0.98, 0.10, 1.64
908126, 0.98, 0.10, 1.51
908132, 0.98, 0.10, 1.39
908145, 0.98, 0.10, 1.17
908152, 0.98, 0.10, 1.06
908166, 0.99, 0.10, 0.78
908172, 0.98, 0.10, 0.70
908185, 0.98, 0.10, 0.42
908192, 0.98, 0.10, 0.38
908207, 0.99, 0.09, 0.09
908212, 0.99, 0.09, 0.12
908226, 0.98, 0.09, -0.10
908232, 0.98, 0.09, -0.03
908247, 0.98, 0.10, -0.14
908252, 0.98, 0.10, -0.05
908267, 0.98, 0.10, -0.04
908272, 0.98, 0.09, 0.07
908286, 0.98, 0.10, 0.19
908292, 0.98, 0.10, 0.30
908306, 0.98, 0.10, 0.52
908312, 0.98, 0.10, 0.61
908325, 0.98, 0.09, 0.89
908332, 0.98, 0.10, 0.95
908346, 0.98, 0.10, 1.27
908352, 0.98, 0.09, 1.27
908365, 0.98, 0.09, 1.58
908371, 0.98, 0.09, 1.52
908386, 0.98, 0.10, 1.78
908392, 0.98, 0.10, 1.68
908405, 0.98, 0.10, 1.84
908412, 0.98, 0.10, 1.70
908426, 0.98, 0.10, 1.75
908432, 0.98, 0.10, 1.60
908445, 0.98, 0.10, 1.53
908452, 0.98, 0.10, 1.39
908466, 0.98, 0.10, 1.21
908472, 0.98, 0.10, 1.11
908486, 0.98, 0.10, 0.85
908492, 0.98, 0.10, 0.79
908506, 0.98, 0.10, 0.50
908512, 0.98, 0.10, 0.51
908527, 0.98, 0.10, 0.22
908532, 0.97, 0.10, 0.29
908547, 0.98, 0.10, 0.05
908552, 0.98, 0.10, 0.17
908567, 0.99, 0.10, 0.03
908572, 0.99, 0.10, 0.19
908587, 0.98, 0.10, 0.17
908592, 0.98, 0.10, 0.34
908607, 0.98, 0.10, 0.43
908612, 0.98, 0.10, 0.58
908625, 0.98, 0.10, 0.76
908633, 0.97, 0.10, 0.89
908646, 0.97, 0.10, 1.14
908652, 0.97, 0.10, 1.21
908665, 0.97, 0.10, 1.49
908673, 0.97, 0.10, 1.50
908686, 0.97, 0.10, 1.76
908692, 0.97, 0.10, 1.69
908705, 0.97, 0.09, 1.90
908712, 0.97, 0.09, 1.78
908726, 0.97, 0.09, 1.90
908732, 0.97, 0.09, 1.74
908746, 0.97, 0.10, 1.75
908752, 0.97, 0.10, 1.56
908766, 0.98, 0.09, 1.46
908772, 0.98, 0.09, 1.29
908786, 0.98, 0.09, 1.08
908792, 0.98, 0.09, 0.94
908807, 0.98, 0.09, 0.66
908812, 0.98, 0.09, 0.59
908826, 0.97, 0.09, 0.29
908832, 0.97, 0.09, 0.28
908847, 0.97, 0.09, -0.02
908852, 0.97, 0.09, 0.05
908867, 0.97, 0.09, -0.19
908872, 0.97, 0.09, -0.06
908887, 0.97, 0.09, -0.20
908892, 0.97, 0.09, -0.03
908907, 0.97, 0.10, -0.06
908912, 0.97, 0.10, 0.13
908926, 0.97, 0.10, 0.21
908932, 0.97, 0.10, 0.39
908946, 0.98, 0.09, 0.56
908952, 0.97, 0.09, 0.71
908966, 0.97, 0.10, 0.93
908972, 0.97, 0.09, 1.03
908986, 0.97, 0.10, 1.27
908992, 0.97, 0.10, 1.29
909006, 0.97, 0.10, 1.50
909012, 0.97, 0.10, 1.46
909026, 0.97, 0.10, 1.60
909032, 0.97, 0.09, 1.50
909046, 0.97, 0.10, 1.56
909052, 0.97, 0.09, 1.42
909066, 0.98, 0.10, 1.38
909072, 0.97, 0.10, 1.21
909086, 0.98, 0.10, 1.07
909092, 0.98, 0.10, 0.90
909106, 0.97, 0.10, 0.67
909112, 0.97, 0.10, 0.54
909126, 0.98, 0.09, 0.24
909132, 0.97, 0.09, 0.16
909147, 0.98, 0.09, -0.17
909152, 0.98, 0.09, -0.18
909167, 0.98, 0.10, -0.51
909172, 0.98, 0.10, -0.45
909187, 0.98, 0.09, -0.71
909192, 0.98, 0.09, -0.59
909207, 0.98, 0.09, -0.77
909212, 0.98, 0.09, -0.61
909228, 0.98, 0.10, -0.68
909232, 0.98, 0.09, -0.50
909247, 0.97, 0.10, -0.44
909252, 0.97, 0.10, -0.28
909267, 0.98, 0.10, -0.11
909272, 0.98, 0.10, 0.02
909286, 0.98, 0.10, 0.26
909292, 0.98, 0.10, 0.37
909306, 0.98, 0.10, 0.66
909312, 0.98, 0.09, 0.69
909326, 0.97, 0.10, 0.98
909332, 0.97, 0.10, 0.94
909346, 0.98, 0.10, 1.20
909352, 0.98, 0.10, 1.09
909366, 0.97, 0.09, 1.28
909372, 0.97, 0.09, 1.12
909386, 0.97, 0.10, 1.23
909392, 0.97, 0.10, 1.04
909406, 0.97, 0.09, 1.05
909412, 0.97, 0.09, 0.85
909426, 0.97, 0.10, 0.77
909432, 0.97, 0.10, 0.60
909447, 0.97, 0.09, 0.46
909452, 0.97, 0.09, 0.32
909466, 0.98, 0.09, 0.16
909472, 0.97, 0.09, 0.09
909487, 0.97, 0.10, -0.05
909492, 0.97, 0.10, -0.06
909507, 0.97, 0.10, -0.15
909512, 0.97, 0.10, -0.09
909528, 0.97, 0.10, -0.09
909532, 0.97, 0.10, 0.02
909546, 0.98, 0.10, 0.13
909552, 0.97, 0.10, 0.27
909566, 0.97, 0.10, 0.50
909572, 0.97, 0.10, 0.63
909586, 0.98, 0.09, 0.97
909592, 0.98, 0.09, 1.08
909606, 0.98, 0.09, 1.48
909612, 0.98, 0.09, 1.55
909626, 0.98, 0.09, 1.97
909632, 0.97, 0.09, 1.99
909646, 0.97, 0.09, 2.38
909652, 0.97, 0.09, 2.33
909666, 0.97, 0.09, 2.63
909672, 0.97, 0.09, 2.52
909686, 0.97, 0.09, 2.69
909692, 0.97, 0.09, 2.54
909707, 0.97, 0.10, 2.53
909712, 0.97, 0.10, 2.37
909726, 0.97, 0.10, 2.18
909732, 0.97, 0.10, 2.04
909747, 0.98, 0.10, 1.67
909752, 0.98, 0.10, 1.57
909767, 0.98, 0.10, 1.05
909772, 0.98, 0.10, 1.03
909788, 0.98, 0.10, 0.41
909792, 0.98, 0.10, 0.48
909807, 0.99, 0.10, -0.14
909812, 0.99, 0.10, 0.01
909828, 0.98, 0.10, -0.58
909832, 0.98, 0.10, -0.37
909847, 0.98, 0.09, -0.82
909852, 0.98, 0.09, -0.56
909868, 0.98, 0.10, -0.84
909872, 0.98, 0.09, -0.58
909887, 0.98, 0.10, -0.65
909892, 0.98, 0.10, -0.40
909907, 0.99, 0.10, -0.25
909913, 0.98, 0.10, -0.08
909927, 0.98, 0.10, 0.25
909932, 0.98, 0.10, 0.34
909946, 0.98, 0.10, 0.78
909953, 0.98, 0.10, 0.78
909967, 0.98, 0.10, 1.29
909972, 0.98, 0.10, 1.17
909986, 0.98, 0.10, 1.69
909992, 0.98, 0.10, 1.46
910007, 0.98, 0.10, 1.90
910012, 0.98, 0.10, 1.59
910027, 0.98, 0.10, 1.91
910032, 0.98, 0.10, 1.56
910047, 0.98, 0.10, 1.71
910052, 0.98, 0.10, 1.34
910067, 0.97, 0.10, 1.35
910072, 0.97, 0.10, 1.03
910087, 0.97, 0.10, 0.90
910092, 0.97, 0.10, 0.66
910107, 0.98, 0.10, 0.44
910112, 0.98, 0.10, 0.32
910127, 0.97, 0.10, 0.10
910132, 0.97, 0.10, 0.09
910147, 0.98, 0.10, -0.10
910152, 0.98, 0.10, 0.02
910168, 0.98, 0.10, -0.08
910172, 0.98, 0.10, 0.14
910187, 0.98, 0.10, 0.18
910192, 0.98, 0.10, 0.45
910208, 0.97, 0.10, 0.64
910212, 0.97, 0.10, 0.91
910227, 0.97, 0.10, 1.25
910232, 0.97, 0.10, 1.52
910246, 0.98, 0.10, 1.96
910252, 0.98, 0.10, 2.16
910267, 0.98, 0.10, 2.62
910272, 0.98, 0.10, 2.74
910287, 0.98, 0.10, 3.18
910292, 0.98, 0.10, 3.19
910307, 0.97, 0.10, 3.53
910312, 0.97, 0.10, 3.44
910327, 0.98, 0.10, 3.63
910332, 0.98, 0.10, 3.46
910347, 0.98, 0.10, 3.41
910352, 0.98, 0.10, 3.20
910367, 0.98, 0.10, 2.90
910372, 0.98, 0.10, 2.69
910387, 0.98, 0.10, 2.16
910392, 0.98, 0.10, 1.98
910407, 0.99, 0.10, 1.25
910412, 0.99, 0.10, 1.15
910428, 0.99, 0.10, 0.28
910432, 0.99, 0.10, 0.30
910447, 0.99, 0.09, -0.57
910452, 0.99, 0.10, -0.45
910468, 0.98, 0.10, -1.27
910472, 0.98, 0.10, -1.04
910488, 0.99, 0.10, -1.69
910492, 0.99, 0.10, -1.39
910508, 0.99, 0.10, -1.83
910512, 0.99, 0.10, -1.50
910528, 0.99, 0.10, -1.64
910532, 0.99, 0.10, -1.32
910547, 0.99, 0.10, -1.17
910553, 0.99, 0.10, -0.91
910568, 0.99, 0.10, -0.49
910572, 0.99, 0.10, -0.33
910587, 0.99, 0.10, 0.29
910593, 0.98, 0.10, 0.34
910607, 0.98, 0.10, 1.04
910612, 0.98, 0.10, 0.95
910627, 0.98, 0.10, 1.73
910632, 0.98, 0.10, 1.48
910647, 0.98, 0.10, 2.21
910652, 0.98, 0.10, 1.84
910667, 0.98, 0.10, 2.44
910672, 0.98, 0.10, 1.99
910687, 0.98, 0.10, 2.38
910692, 0.98, 0.10, 1.89
910707, 0.98, 0.10, 2.05
910712, 0.98, 0.10, 1.60
910727, 0.98, 0.10, 1.51
910732, 0.98, 0.10, 1.14
910747, 0.98, 0.10, 0.85
910752, 0.98, 0.10, 0.63
910767, 0.98, 0.10, 0.23
910772, 0.98, 0.10, 0.15
910788, 0.98, 0.10, -0.29
910792, 0.98, 0.10, -0.15
910808, 0.98, 0.10, -0.56
910812, 0.98, 0.10, -0.28
910828, 0.98, 0.10, -0.58
910832, 0.98, 0.10, -0.20
910849, 0.98, 0.10, -0.33
910852, 0.97, 0.10, 0.10
910868, 0.98, 0.10, 0.20
910872, 0.97, 0.10, 0.63
910888, 0.97, 0.10, 0.94
910893, 0.97, 0.10, 1.29
910907, 0.97, 0.10, 1.74
910912, 0.97, 0.10, 2.05
910927, 0.97, 0.10, 2.53
910932, 0.97, 0.10, 2.67
910947, 0.98, 0.10, 3.15
910952, 0.98, 0.10, 3.15
910962, 0.97, 0.10, 3.24
910972, 0.97, 0.10, 3.35
910987, 0.98, 0.10, 3.56
910992, 0.98, 0.10, 3.30
911007, 0.98, 0.10, 3.28
911012, 0.98, 0.09, 2.94
911027, 0.98, 0.10, 2.65
911032, 0.98, 0.10, 2.29
911047, 0.98, 0.10, 1.76
911052, 0.98, 0.10, 1.44
911067, 0.97, 0.10, 0.75
911072, 0.97, 0.10, 0.52
911082, 0.98, 0.10, 0.17
911092, 0.97, 0.10, -0.25
911108, 0.98, 0.10, -1.00
911112, 0.98, 0.09, -0.95
911128, 0.98, 0.10, -1.57
911132, 0.97, 0.10, -1.40
911149, 0.97, 0.10, -1.79
911152, 0.97, 0.10, -1.53
911168, 0.97, 0.10, -1.62
911172, 0.97, 0.10, -1.30
911188, 0.97, 0.09, -1.07
911193, 0.96, 0.09, -0.77
911208, 0.97, 0.10, -0.22
911212, 0.96, 0.10, 0.04
911222, 0.97, 0.10, 0.42
911233, 0.96, 0.09, 0.89
911247, 0.96, 0.10, 1.80
911252, 0.96, 0.09, 1.86
911262, 0.96, 0.10, 1.99
911272, 0.96, 0.10, 2.57
911287, 0.96, 0.09, 3.55
911292, 0.96, 0.09, 3.31
911302, 0.95, 0.10, 3.07
911312, 0.95, 0.09, 3.59
911327, 0.95, 0.10, 4.16
911332, 0.95, 0.10, 3.74
911342, 0.95, 0.10, 3.21
911352, 0.95, 0.09, 3.43
911368, 0.95, 0.09, 3.31
911372, 0.95, 0.09, 2.92
911382, 0.96, 0.09, 2.38
911392, 0.96, 0.09, 2.19
911408, 0.96, 0.09, 1.44
911412, 0.96, 0.10, 1.31
911422, 0.96, 0.10, 1.06
911432, 0.96, 0.10, 0.58
911449, 0.96, 0.09, -0.40
911453, 0.96, 0.09, -0.15
911468, 0.96, 0.10, -1.05
911472, 0.96, 0.10, -0.66
911482, 0.95, 0.10, -0.23
911493, 0.95, 0.10, -0.68
911508, 0.96, 0.10, -1.17
911512, 0.95, 0.10, -0.66
911522, 0.95, 0.10, 0.05
911533, 0.95, 0.10, -0.16
911548, 0.95, 0.10, -0.01
911552, 0.95, 0.10, 0.37
911562, 0.95, 0.10, 1.01
911572, 0.95, 0.10, 1.11
911587, 0.95, 0.10, 1.66
911592, 0.95, 0.10, 1.78
911602, 0.95, 0.10, 2.04
911612, 0.95, 0.10, 2.27
911627, 0.95, 0.10, 2.89
911632, 0.95, 0.10, 2.63
911642, 0.95, 0.10, 2.40
911652, 0.94, 0.10, 2.60
911662, 0.95, 0.10, 2.17
911672, 0.94, 0.09, 2.30
911682, 0.94, 0.09, 1.72
911692, 0.94, 0.09, 1.71
911702, 0.94, 0.10, 1.07
911712, 0.94, 0.09, 0.92
911722, 0.94, 0.09, 0.30
911732, 0.94, 0.09, 0.01
911749, 0.94, 0.09, -0.80
911753, 0.94, 0.09, -0.94
911762, 0.94, 0.10, -1.27
911772, 0.94, 0.10, -1.62
911782, 0.94, 0.10, -1.74
911793, 0.94, 0.10, -2.09
911802, 0.94, 0.10, -1.98
911812, 0.94, 0.10, -2.28
911828, 0.94, 0.10, -2.63
911833, 0.94, 0.10, -2.22
911842, 0.94, 0.10, -1.73
911852, 0.93, 0.10, -1.70
911862, 0.93, 0.10, -1.13
911873, 0.93, 0.09, -0.94
911882, 0.93, 0.09, -0.36
911892, 0.93, 0.09, -0.02
911902, 0.93, 0.09, 0.48
911912, 0.92, 0.09, 0.90
911922, 0.93, 0.09, 1.26
911932, 0.93, 0.09, 1.71
911942, 0.93, 0.09, 1.87
911952, 0.93, 0.09, 2.34
911962, 0.93, 0.09, 2.28
911972, 0.93, 0.09, 2.66
911982, 0.93, 0.09, 2.40
911992, 0.93, 0.09, 2.63
912002, 0.93, 0.09, 2.20
912012, 0.93, 0.09, 2.24
912022, 0.93, 0.09, 1.71
912032, 0.94, 0.09, 1.53
912043, 0.93, 0.10, 0.98
912052, 0.93, 0.09, 0.60
912062, 0.93, 0.10, 0.11
912072, 0.93, 0.10, -0.40
912082, 0.93, 0.10, -0.77
912093, 0.93, 0.10, -1.29
912102, 0.93, 0.10, -1.46
912112, 0.93, 0.10, -1.96
912122, 0.93, 0.10, -1.93
912133, 0.93, 0.10, -2.37
912142, 0.93, 0.10, -2.14
912152, 0.93, 0.10, -2.40
912162, 0.93, 0.10, -2.00
912173, 0.93, 0.10, -2.06
912182, 0.93, 0.10, -1.55
912192, 0.93, 0.10, -1.37
912202, 0.93, 0.10, -0.83
912212, 0.93, 0.10, -0.43
912222, 0.93, 0.10, 0.05
912232, 0.93, 0.10, 0.61
912242, 0.92, 0.10, 0.96
912252, 0.92, 0.10, 1.57
912262, 0.92, 0.10, 1.74
912272, 0.92, 0.10, 2.39
912282, 0.93, 0.10, 2.35
912292, 0.93, 0.10, 2.94
912302, 0.93, 0.10, 2.68
912312, 0.93, 0.10, 3.09
912322, 0.92, 0.09, 2.66
912332, 0.93, 0.09, 2.85
912342, 0.93, 0.10, 2.30
912352, 0.93, 0.09, 2.23
912362, 0.93, 0.10, 1.64
912372, 0.93, 0.09, 1.32
912382, 0.93, 0.09, 0.78
912392, 0.93, 0.10, 0.25
912402, 0.93, 0.09, -0.15
912412, 0.93, 0.09, -0.76
912422, 0.93, 0.10, -0.97
912433, 0.93, 0.09, -1.56
912442, 0.93, 0.10, -1.53
912452, 0.93, 0.09, -2.12
912462, 0.94, 0.09, -1.87
912473, 0.94, 0.09, -2.30
912482, 0.93, 0.09, -1.86
912492, 0.94, 0.09, -2.08
912502, 0.94, 0.10, -1.51
912513, 0.94, 0.10, -1.49
912522, 0.93, 0.09, -0.87
912532, 0.94, 0.09, -0.60
912542, 0.94, 0.09, -0.02
912552, 0.93, 0.09, 0.46
912562, 0.93, 0.10, 0.91
912572, 0.93, 0.10, 1.47
912582, 0.93, 0.10, 1.73
912592, 0.93, 0.10, 2.35
912602, 0.94, 0.10, 2.38
912612, 0.93, 0.10, 2.99
912622, 0.93, 0.09, 2.77
912632, 0.93, 0.10, 3.25
912642, 0.93, 0.10, 2.81
912652, 0.94, 0.10, 3.08
912662, 0.94, 0.10, 2.49
912672, 0.94, 0.10, 2.48
912683, 0.94, 0.10, 1.83
912692, 0.94, 0.10, 1.55
912702, 0.94, 0.10, 0.93
912712, 0.94, 0.10, 0.38
912722, 0.94, 0.10, -0.12
912733, 0.94, 0.10, -0.84
912742, 0.94, 0.10, -1.12
912752, 0.94, 0.10, -1.84
912762, 0.95, 0.10, -1.88
912773, 0.95, 0.10, -2.64
912782, 0.95, 0.10, -2.42
912792, 0.95, 0.10, -3.08
912802, 0.95, 0.10, -2.62
912813, 0.95, 0.10, -3.09
912822, 0.96, 0.10, -2.45
912832, 0.96, 0.09, -2.69
912842, 0.96, 0.09, -1.95
912852, 0.96, 0.10, -1.89
912862, 0.96, 0.10, -1.16
912872, 0.96, 0.10, -0.83
912882, 0.96, 0.10, -0.21
912892, 0.95, 0.10, 0.37
912902, 0.95, 0.10, 0.79
912912, 0.95, 0.10, 1.45
912922, 0.95, 0.10, 1.60
912932, 0.95, 0.10, 2.38
912942, 0.96, 0.10, 2.24
912952, 0.96, 0.10, 3.04
912962, 0.96, 0.10, 2.61
912972, 0.96, 0.10, 3.29
912982, 0.96, 0.10, 2.62
912992, 0.96, 0.10, 3.12
913002, 0.96, 0.10, 2.30
913012, 0.96, 0.10, 2.54
913022, 0.96, 0.10, 1.67
913033, 0.96, 0.10, 1.65
913042, 0.97, 0.10, 0.84
913052, 0.97, 0.10, 0.58
913062, 0.97, 0.10, -0.07
913073, 0.96, 0.10, -0.49
913082, 0.97, 0.10, -0.88
913092, 0.97, 0.10, -1.29
913102, 0.97, 0.10, -1.39
913113, 0.98, 0.10, -1.85
913122, 0.98, 0.10, -1.64
913132, 0.98, 0.10, -2.02
913142, 0.98, 0.10, -1.54
913153, 0.98, 0.10, -1.74
913162, 0.98, 0.10, -1.06
913172, 0.98, 0.10, -1.04
913182, 0.98, 0.10, -0.25
913192, 0.98, 0.10, 0.02
913202, 0.98, 0.10, 0.80
913212, 0.98, 0.10, 1.32
913222, 0.98, 0.10, 1.98
913232, 0.98, 0.10, 2.67
913242, 0.98, 0.10, 3.11
913252, 0.98, 0.10, 3.81
913262, 0.98, 0.10, 3.97
913272, 0.98, 0.10, 4.75
913283, 0.98, 0.10, 4.60
913292, 0.98, 0.10, 5.28
913302, 0.98, 0.10, 4.84
913312, 0.98, 0.10, 5.34
913323, 0.98, 0.10, 4.67
913332, 0.99, 0.10, 4.91
913342, 0.99, 0.10, 4.09
913352, 0.99, 0.10, 4.01
913362, 1.00, 0.10, 3.18
913373, 1.00, 0.10, 2.79
913382, 1.00, 0.10, 2.04
913392, 1.00, 0.10, 1.35
913402, 1.00, 0.10, 0.81
913413, 1.00, 0.10, -0.03
913422, 1.00, 0.10, -0.28
913432, 1.00, 0.10, -1.10
913442, 1.01, 0.10, -1.02
913453, 1.01, 0.10, -1.92
913462, 1.01, 0.10, -1.51
913472, 1.01, 0.10, -2.27
913482, 1.00, 0.10, -1.59
913492, 1.00, 0.10, -2.13
913502, 1.01, 0.10, -1.25
913512, 1.01, 0.10, -1.50
913522, 1.01, 0.10, -0.54
913532, 1.00, 0.10, -0.47
913542, 1.00, 0.10, 0.44
913552, 1.00, 0.10, 0.83
913562, 1.00, 0.10, 1.57
913572, 1.00, 0.10, 2.22
913583, 1.00, 0.10, 2.68
913592, 1.00, 0.10, 3.34
913602, 1.00, 0.10, 3.46
913612, 1.01, 0.10, 4.26
913623, 1.00, 0.10, 4.03
913632, 1.01, 0.10, 4.82
913642, 1.01, 0.10, 4.24
913652, 1.01, 0.10, 4.89
913662, 1.01, 0.10, 4.05
913672, 1.01, 0.10, 4.45
913682, 1.01, 0.10, 3.44
913692, 1.01, 0.10, 3.52
913702, 1.02, 0.10, 2.49
913713, 1.02, 0.10, 2.28
913722, 1.02, 0.10, 1.36
913732, 1.02, 0.10, 0.82
913742, 1.02, 0.10, 0.15
913753, 1.02, 0.10, -0.59
913762, 1.02, 0.10, -0.93
913772, 1.02, 0.10, -1.61
913782, 1.02, 0.10, -1.58
913793, 1.02, 0.10, -2.37
913802, 1.02, 0.10, -1.96
913812, 1.02, 0.10, -2.62
913822, 1.02, 0.10, -1.89
913832, 1.02, 0.10, -2.36
913842, 1.02, 0.10, -1.40
913852, 1.02, 0.10, -1.60
913862, 1.02, 0.10, -0.53
913872, 1.02, 0.10, -0.43
913882, 1.02, 0.10, 0.60
913892, 1.02, 0.09, 1.02
913902, 1.02, 0.10, 1.86
913912, 1.02, 0.10, 2.55
913922, 1.02, 0.10, 3.10
913932, 1.02, 0.10, 3.76
913942, 1.02, 0.10, 3.95
913952, 1.02, 0.10, 4.73
913963, 1.02, 0.10, 4.53
913973, 1.02, 0.10, 5.30
913982, 1.02, 0.10, 4.73
913992, 1.02, 0.10, 5.33
914002, 1.02, 0.10, 4.47
914013, 1.02, 0.10, 4.81
914022, 1.03, 0.10, 3.76
914032, 1.03, 0.10, 3.77
914042, 1.03, 0.10, 2.67
914053, 1.03, 0.10, 2.36
914062, 1.04, 0.09, 1.38
914072, 1.03, 0.10, 0.70
914082, 1.04, 0.10, -0.03
914093, 1.04, 0.10, -0.97
914102, 1.04, 0.10, -1.35
914112, 1.04, 0.10, -2.21
914122, 1.04, 0.10, -2.18
914132, 1.04, 0.10, -3.18
914142, 1.03, 0.10, -2.73
914152, 1.03, 0.10, -3.64
914162, 1.03, 0.10, -2.83
914172, 1.03, 0.10, -3.53
914182, 1.03, 0.10, -2.46
914192, 1.03, 0.10, -2.87
914202, 1.04, 0.10, -1.67
914212, 1.04, 0.10, -1.77
914222, 1.03, 0.10, -0.60
914232, 1.03, 0.10, -0.32
914242, 1.03, 0.10, 0.68
914252, 1.03, 0.10, 1.33
914263, 1.03, 0.10, 2.01
914273, 1.03, 0.10, 2.78
914282, 1.03, 0.10, 3.05
914292, 1.03, 0.10, 3.86
914302, 1.03, 0.10, 3.69
914313, 1.03, 0.10, 4.71
914322, 1.03, 0.10, 4.11
914332, 1.03, 0.10, 5.04
914342, 1.03, 0.10, 4.06
914353, 1.03, 0.10, 4.82
914362, 1.03, 0.10, 3.59
914372, 1.03, 0.10, 4.07
914382, 1.04, 0.10, 2.74
914393, 1.04, 0.10, 2.95
914402, 1.04, 0.10, 1.67
914412, 1.04, 0.10, 1.52
914422, 1.04, 0.10, 0.47
914433, 1.04, 0.10, -0.05
914442, 1.04, 0.10, -0.74
914452, 1.04, 0.10, -1.31
914462, 1.04, 0.10, -1.56
914472, 1.04, 0.10, -2.17
914482, 1.04, 0.10, -1.96
914492, 1.04, 0.10, -2.72
914502, 1.04, 0.10, -2.07
914512, 1.04, 0.10, -2.66
914522, 1.04, 0.10, -1.65
914532, 1.04, 0.10, -2.10
914542, 1.04, 0.10, -0.86
914552, 1.04, 0.10, -1.04
914562, 1.04, 0.10, 0.26
914572, 1.03, 0.10, 0.35
914582, 1.03, 0.10, 1.56
914592, 1.04, 0.10, 1.99
914603, 1.03, 0.10, 2.94
914612, 1.04, 0.10, 3.61
914622, 1.03, 0.10, 4.19
914632, 1.04, 0.10, 4.73
914642, 1.04, 0.10, 4.87
914653, 1.03, 0.10, 5.64
914662, 1.03, 0.10, 5.31
914672, 1.03, 0.10, 6.07
914682, 1.04, 0.10, 5.32
914693, 1.04, 0.10, 5.93
914702, 1.04, 0.10, 4.86
914712, 1.04, 0.10, 5.21
914722, 1.04, 0.10, 3.95
914733, 1.04, 0.10, 4.01
914742, 1.04, 0.10, 2.74
914752, 1.04, 0.10, 2.50
914762, 1.04, 0.10, 1.36
914772, 1.04, 0.10, 0.73
914782, 1.04, 0.10, -0.12
914792, 1.04, 0.10, -0.95
914802, 1.04, 0.10, -1.37
914812, 1.04, 0.10, -2.12
914822, 1.04, 0.10, -2.09
914832, 1.04, 0.10, -2.99
914842, 1.04, 0.10, -2.49
914852, 1.04, 0.10, -3.32
914862, 1.04, 0.10, -2.42
914872, 1.04, 0.10, -3.09
914882, 1.04, 0.10, -1.90
914892, 1.04, 0.10, -2.31
914903, 1.03, 0.10, -0.98
914912, 1.03, 0.10, -1.09
914922, 1.03, 0.10, 0.22
914932, 1.03, 0.10, 0.44
914942, 1.03, 0.10, 1.55
914953, 1.03, 0.10, 2.12
914962, 1.03, 0.10, 2.89
914972, 1.03, 0.10, 3.54
914982, 1.03, 0.10, 3.88
914993, 1.02, 0.10, 4.49
915002, 1.03, 0.10, 4.36
915012, 1.03, 0.10, 5.23
915022, 1.03, 0.10, 4.64
915033, 1.03, 0.10, 5.38
915042, 1.03, 0.10, 4.41
915052, 1.03, 0.10, 4.99
915062, 1.03, 0.10, 3.75
915073, 1.03, 0.10, 4.04
915082, 1.03, 0.10, 2.69
915092, 1.03, 0.10, 2.71
915102, 1.03, 0.10, 1.42
915112, 1.03, 0.10, 1.08
915122, 1.03, 0.10, 0.02
915132, 1.03, 0.10, -0.64
915142, 1.03, 0.10, -1.32
915152, 1.03, 0.10, -2.02
915162, 1.03, 0.10, -2.26
915172, 1.03, 0.10, -2.95
915182, 1.03, 0.10, -2.70
915192, 1.03, 0.10, -3.49
915202, 1.03, 0.10, -2.80
915212, 1.02, 0.10, -3.41
915222, 1.02, 0.10, -2.36
915232, 1.02, 0.10, -2.77
915243, 1.02, 0.10, -1.49
915252, 1.01, 0.10, -1.55
915262, 1.01, 0.10, -0.23
915272, 1.01, 0.10, 0.00
915282, 1.01, 0.10, 1.21
915293, 1.01, 0.10, 1.79
915302, 1.01, 0.10, 2.71
915312, 1.01, 0.10, 3.56
915322, 1.01, 0.10, 4.08
915333, 1.01, 0.09, 4.79
915342, 1.00, 0.10, 4.84
915352, 1.00, 0.10, 5.70
915362, 1.00, 0.10, 5.28
915373, 1.01, 0.10, 6.16
915382, 1.00, 0.10, 5.31
915392, 1.01, 0.10, 5.99
915402, 1.00, 0.10, 4.82
915412, 1.00, 0.10, 5.22
915422, 1.01, 0.10, 3.88
915432, 1.01, 0.10, 3.92
915442, 1.01, 0.10, 2.58
915452, 1.01, 0.10, 2.28
915462, 1.01, 0.10, 1.12
915472, 1.01, 0.10, 0.39
915482, 1.01, 0.10, -0.41
915492, 1.01, 0.10, -1.41
915502, 1.01, 0.10, -1.77
915512, 1.01, 0.10, -2.77
915522, 1.01, 0.10, -2.63
915532, 1.01, 0.10, -3.65
915543, 1.00, 0.10, -3.01
915553, 1.00, 0.10, -3.98
915562, 1.00, 0.10, -2.93
915572, 1.00, 0.10, -3.62
915582, 1.00, 0.10, -2.29
915593, 1.00, 0.10, -2.71
915602, 1.00, 0.10, -1.26
915612, 1.00, 0.10, -1.34
915622, 1.00, 0.10, 0.05
915633, 1.00, 0.10, 0.29
915642, 0.99, 0.10, 1.45
915652, 0.99, 0.10, 2.00
915662, 0.99, 0.10, 2.76
915673, 0.99, 0.10, 3.41
915682, 0.99, 0.10, 3.70
915692, 0.99, 0.10, 4.29
915702, 0.99, 0.10, 4.08
915713, 0.99, 0.10, 4.77
915722, 0.99, 0.10, 4.08
915732, 0.99, 0.10, 4.61
915742, 0.99, 0.10, 3.54
915752, 0.99, 0.10, 3.85
915762, 0.99, 0.10, 2.54
915772, 0.99, 0.10, 2.52
915782, 0.99, 0.10, 1.15
915792, 0.99, 0.10, 0.80
915802, 0.99, 0.10, -0.45
915812, 0.99, 0.10, -1.10
915822, 0.99, 0.10, -2.06
915832, 0.99, 0.10, -2.88
915843, 0.99, 0.10, -3.43
915852, 0.99, 0.10, -4.26
915862, 0.99, 0.10, -4.33
915872, 0.99, 0.10, -5.02
915883, 0.99, 0.10, -4.60
915893, 0.99, 0.10, -5.08
915902, 0.98, 0.10, -4.26
915912, 0.98, 0.10, -4.40
915922, 0.98, 0.10, -3.29
915933, 0.98, 0.10, -3.06
915942, 0.98, 0.10, -1.84
915952, 0.97, 0.10, -1.19
915962, 0.97, 0.10, -0.01
915973, 0.97, 0.10, 0.99
915982, 0.96, 0.10, 1.92
915992, 0.96, 0.10, 3.11
916002, 0.96, 0.10, 3.68
916013, 0.96, 0.10, 4.88
916022, 0.96, 0.10, 4.98
916032, 0.96, 0.10, 6.17
916042, 0.96, 0.10, 5.80
916052, 0.96, 0.10, 6.87
916062, 0.96, 0.10, 6.07
916072, 0.96, 0.10, 6.85
916082, 0.96, 0.10, 5.71
916092, 0.96, 0.10, 6.12
916102, 0.96, 0.10, 4.81
916112, 0.96, 0.10, 4.74
916122, 0.97, 0.10, 3.42
916132, 0.97, 0.10, 2.86
916142, 0.97, 0.10, 1.73
916152, 0.97, 0.10, 0.70
916162, 0.97, 0.10, -0.09
916172, 0.97, 0.10, -1.37
916183, 0.97, 0.10, -1.69
916192, 0.97, 0.10, -3.09
916202, 0.97, 0.10, -2.88
916212, 0.97, 0.10, -4.32
916222, 0.97, 0.10, -3.58
916233, 0.97, 0.10, -4.92
916242, 0.97, 0.10, -3.74
916252, 0.97, 0.10, -4.80
916262, 0.97, 0.10, -3.31
916273, 0.97, 0.10, -4.07
916282, 0.97, 0.10, -2.46
916292, 0.97, 0.10, -2.82
916302, 0.97, 0.10, -1.27
916313, 0.97, 0.10, -1.21
916322, 0.97, 0.10, 0.07
916332, 0.96, 0.10, 0.56
916342, 0.96, 0.10, 1.42
916353, 0.96, 0.10, 2.04
916362, 0.96, 0.09, 2.39
916372, 0.96, 0.10, 3.06
916382, 0.96, 0.10, 2.85
916392, 0.96, 0.10, 3.72
916402, 0.96, 0.10, 2.97
916412, 0.96, 0.10, 3.74
916422, 0.96, 0.10, 2.55
916432, 0.96, 0.10, 3.16
916442, 0.96, 0.10, 1.68
916452, 0.96, 0.10, 1.97
916462, 0.96, 0.10, 0.38
916472, 0.97, 0.10, 0.36
916482, 0.97, 0.10, -1.13
916492, 0.97, 0.10, -1.50
916502, 0.97, 0.10, -2.70
916512, 0.97, 0.10, -3.34
916521, 0.97, 0.10, -4.10
916533, 0.97, 0.10, -4.78
916542, 0.97, 0.10, -5.02
916552, 0.97, 0.10, -5.65
916562, 0.97, 0.10, -5.34
916573, 0.96, 0.10, -5.88
916582, 0.96, 0.10, -5.09
916592, 0.97, 0.10, -5.38
916602, 0.96, 0.10, -4.21
916613, 0.96, 0.10, -4.16
916622, 0.96, 0.10, -2.79
916632, 0.96, 0.10, -2.42
916642, 0.96, 0.10, -1.03
916653, 0.95, 0.10, -0.28
916662, 0.95, 0.10, 0.91
916672, 0.95, 0.10, 1.95
916682, 0.95, 0.10, 2.80
916692, 0.95, 0.10, 3.88
916702, 0.95, 0.10, 4.26
916712, 0.95, 0.10, 5.25
916722, 0.96, 0.10, 5.13
916732, 0.96, 0.10, 6.17
916742, 0.96, 0.10, 5.54
916752, 0.96, 0.10, 6.38

