0.000,-0.603,9.574E-3,-0.614,-7.144E-2
0.033,-0.603,1.845E-2,-0.620,-7.014E-2
0.066,-0.603,1.243E-2,-0.618,-6.979E-2
0.099,-0.603,1.345E-2,-0.617,-6.940E-2
0.133,-0.603,1.272E-2,-0.616,-6.956E-2
0.166,-0.603,1.075E-2,-0.617,-7.076E-2
0.199,-0.603,1.091E-2,-0.616,-6.963E-2
0.232,-0.602,1.064E-2,-0.617,-7.081E-2
0.265,-0.603,1.441E-2,-0.616,-6.903E-2
0.298,-0.603,1.115E-2,-0.617,-7.092E-2
0.332,-0.603,1.083E-2,-0.616,-6.882E-2
0.365,-0.603,1.116E-2,-0.617,-7.104E-2
0.398,-0.603,1.090E-2,-0.616,-6.854E-2
0.431,-0.603,1.092E-2,-0.617,-7.089E-2
0.464,-0.603,1.085E-2,-0.616,-6.859E-2
0.497,-0.603,1.057E-2,-0.617,-7.099E-2
0.530,-0.603,1.004E-2,-0.616,-6.853E-2
0.564,-0.603,1.520E-2,-0.617,-7.097E-2
0.597,-0.603,1.091E-2,-0.616,-6.845E-2
0.630,-0.603,1.088E-2,-0.617,-7.094E-2
0.663,-0.603,1.064E-2,-0.616,-6.841E-2
0.696,-0.603,1.563E-2,-0.616,-6.877E-2
0.729,-0.603,1.125E-2,-0.617,-7.117E-2
0.763,-0.603,1.093E-2,-0.616,-6.865E-2
0.796,-0.603,1.074E-2,-0.617,-7.117E-2
0.829,-0.603,1.045E-2,-0.616,-6.844E-2
0.862,-0.603,1.045E-2,-0.616,-6.894E-2
0.895,-0.603,1.629E-2,-0.617,-7.131E-2
0.928,-0.603,1.105E-2,-0.616,-6.843E-2
0.962,-0.603,1.083E-2,-0.617,-7.123E-2
0.995,-0.603,1.101E-2,-0.616,-6.866E-2
1.028,-0.603,1.083E-2,-0.617,-7.115E-2
1.061,-0.603,1.035E-2,-0.616,-6.828E-2
1.094,-0.602,1.048E-2,-0.616,-6.887E-2
1.127,-0.603,1.510E-2,-0.617,-7.116E-2
1.160,-0.603,1.087E-2,-0.616,-6.882E-2
1.194,-0.603,1.061E-2,-0.617,-7.115E-2
1.227,-0.603,1.419E-2,-0.616,-6.868E-2
1.260,-0.603,1.120E-2,-0.617,-7.106E-2
1.293,-0.603,1.090E-2,-0.616,-6.820E-2
1.326,-0.603,1.064E-2,-0.616,-6.900E-2
1.359,-0.603,1.027E-2,-0.617,-7.114E-2
1.393,-0.603,1.542E-2,-0.616,-6.859E-2
1.426,-0.603,1.250E-2,-0.617,-7.106E-2
1.459,-0.603,1.087E-2,-0.616,-6.855E-2
1.492,-0.603,1.070E-2,-0.617,-7.114E-2
1.525,-0.603,1.478E-2,-0.616,-6.854E-2
1.558,-0.603,1.128E-2,-0.617,-7.103E-2
1.591,-0.603,1.125E-2,-0.616,-6.852E-2
1.625,-0.602,1.092E-2,-0.616,-6.899E-2
1.658,-0.603,1.048E-2,-0.617,-7.131E-2
1.691,-0.603,1.037E-2,-0.616,-6.869E-2
1.724,-0.603,1.548E-2,-0.617,-7.124E-2
1.757,-0.603,1.120E-2,-0.616,-6.847E-2
1.790,-0.603,1.095E-2,-0.617,-7.101E-2
1.824,-0.603,1.097E-2,-0.616,-6.842E-2
1.857,-0.603,1.092E-2,-0.616,-6.894E-2
1.890,-0.603,1.025E-2,-0.617,-7.105E-2
1.923,-0.603,1.018E-2,-0.616,-6.871E-2
1.956,-0.603,1.566E-2,-0.617,-7.110E-2
1.989,-0.603,1.119E-2,-0.616,-6.856E-2
2.022,-0.603,1.104E-2,-0.617,-7.099E-2
2.056,-0.603,1.075E-2,-0.616,-6.859E-2
2.089,-0.603,1.060E-2,-0.617,-7.096E-2
2.122,-0.603,1.455E-2,-0.616,-6.841E-2
2.155,-0.603,1.121E-2,-0.616,-6.883E-2
2.188,-0.603,1.105E-2,-0.617,-7.125E-2
2.221,-0.603,1.094E-2,-0.616,-6.868E-2
2.255,-0.603,1.064E-2,-0.617,-7.109E-2
2.288,-0.603,1.041E-2,-0.616,-6.847E-2
2.321,-0.603,1.540E-2,-0.616,-6.885E-2
2.354,-0.603,1.107E-2,-0.617,-7.127E-2
2.387,-0.603,1.092E-2,-0.616,-6.858E-2
2.420,-0.603,1.094E-2,-0.617,-7.104E-2
2.454,-0.603,1.066E-2,-0.616,-6.861E-2
2.487,-0.603,1.044E-2,-0.617,-7.105E-2
2.520,-0.603,1.504E-2,-0.616,-6.851E-2
2.553,-0.603,1.092E-2,-0.617,-7.114E-2
2.586,-0.602,1.103E-2,-0.616,-6.835E-2
2.619,-0.603,1.055E-2,-0.616,-6.878E-2
2.652,-0.603,1.589E-2,-0.617,-7.130E-2
2.686,-0.603,1.129E-2,-0.616,-6.863E-2
2.719,-0.603,1.111E-2,-0.617,-7.118E-2
2.752,-0.603,1.082E-2,-0.616,-6.858E-2
2.785,-0.603,1.084E-2,-0.617,-7.107E-2
2.818,-0.603,1.069E-2,-0.616,-6.834E-2
2.851,-0.603,1.045E-2,-0.616,-6.872E-2
2.885,-0.603,1.464E-2,-0.617,-7.134E-2
2.918,-0.603,1.102E-2,-0.616,-6.873E-2
2.951,-0.603,1.088E-2,-0.617,-7.099E-2
2.984,-0.603,1.079E-2,-0.616,-6.867E-2
3.017,-0.603,1.071E-2,-0.617,-7.105E-2
3.050,-0.603,1.083E-2,-0.616,-6.850E-2
3.083,-0.603,1.023E-2,-0.616,-6.893E-2
3.117,-0.603,1.011E-2,-0.617,-7.102E-2
3.150,-0.603,1.555E-2,-0.616,-6.882E-2
3.183,-0.603,1.116E-2,-0.617,-7.112E-2
3.216,-0.603,1.098E-2,-0.616,-6.830E-2
3.249,-0.603,1.072E-2,-0.617,-7.112E-2
3.282,-0.602,1.048E-2,-0.616,-6.841E-2
3.316,-0.603,1.462E-2,-0.616,-6.890E-2
3.349,-0.603,1.108E-2,-0.617,-7.135E-2
3.382,-0.603,1.088E-2,-0.616,-6.863E-2
3.415,-0.603,1.065E-2,-0.617,-7.108E-2
3.448,-0.603,1.033E-2,-0.616,-6.855E-2
3.481,-0.603,1.545E-2,-0.617,-7.116E-2
3.514,-0.603,1.124E-2,-0.616,-6.830E-2
3.548,-0.603,1.085E-2,-0.617,-7.124E-2
3.581,-0.603,1.078E-2,-0.616,-6.838E-2
3.614,-0.603,1.025E-2,-0.616,-6.874E-2
3.647,-0.603,1.462E-2,-0.617,-7.118E-2
3.680,-0.603,1.125E-2,-0.616,-6.865E-2
3.713,-0.603,1.113E-2,-0.617,-7.125E-2
3.747,-0.603,1.093E-2,-0.616,-6.849E-2
3.780,-0.602,1.092E-2,-0.616,-6.885E-2
3.813,-0.603,1.030E-2,-0.617,-7.120E-2
3.846,-0.603,1.014E-2,-0.616,-6.877E-2
3.879,-0.603,1.598E-2,-0.617,-7.098E-2
3.912,-0.603,1.127E-2,-0.616,-6.855E-2
3.946,-0.603,1.122E-2,-0.617,-7.098E-2
3.979,-0.603,1.087E-2,-0.616,-6.853E-2
4.012,-0.603,1.060E-2,-0.617,-7.109E-2
4.045,-0.603,1.052E-2,-0.616,-6.874E-2
4.078,-0.603,1.517E-2,-0.616,-6.897E-2
4.111,-0.603,1.091E-2,-0.617,-7.101E-2
4.144,-0.603,1.063E-2,-0.616,-6.867E-2
4.178,-0.603,1.373E-2,-0.617,-7.109E-2
4.211,-0.603,1.130E-2,-0.616,-6.856E-2
4.244,-0.602,1.090E-2,-0.617,-7.099E-2
4.277,-0.602,1.079E-2,-0.616,-6.848E-2
4.310,-0.603,1.088E-2,-0.617,-7.097E-2
4.343,-0.602,1.084E-2,-0.616,-6.828E-2
4.377,-0.602,1.041E-2,-0.616,-6.893E-2
4.410,-0.603,1.028E-2,-0.617,-7.127E-2
4.443,-0.603,1.390E-2,-0.616,-6.874E-2
4.476,-0.603,1.092E-2,-0.617,-7.096E-2
4.509,-0.603,1.099E-2,-0.616,-6.850E-2
4.542,-0.603,1.077E-2,-0.617,-7.104E-2
4.575,-0.603,1.056E-2,-0.616,-6.849E-2
4.609,-0.603,1.024E-2,-0.617,-7.118E-2
4.642,-0.603,1.560E-2,-0.616,-6.844E-2
4.675,-0.603,1.114E-2,-0.616,-6.902E-2
4.708,-0.603,1.072E-2,-0.617,-7.108E-2
4.741,-0.603,1.090E-2,-0.616,-6.860E-2
4.774,-0.603,1.073E-2,-0.617,-7.104E-2
4.808,-0.603,1.056E-2,-0.616,-6.860E-2
4.841,-0.603,1.035E-2,-0.617,-7.124E-2
4.874,-0.603,1.623E-2,-0.616,-6.836E-2
4.907,-0.603,1.123E-2,-0.617,-7.116E-2
4.940,-0.603,1.083E-2,-0.616,-6.841E-2
4.973,-0.603,1.106E-2,-0.616,-6.889E-2
5.006,-0.603,1.086E-2,-0.617,-7.102E-2
5.040,-0.603,1.067E-2,-0.616,-6.867E-2
5.073,-0.603,1.036E-2,-0.617,-7.093E-2
5.106,-0.603,1.528E-2,-0.616,-6.858E-2
5.139,-0.603,1.315E-2,-0.617,-7.112E-2
5.172,-0.603,1.156E-2,-0.616,-6.849E-2
5.205,-0.603,1.149E-2,-0.616,-6.887E-2
5.239,-0.603,1.122E-2,-0.617,-7.116E-2
5.272,-0.603,1.078E-2,-0.616,-6.865E-2
5.305,-0.603,1.079E-2,-0.617,-7.097E-2
5.338,-0.603,1.079E-2,-0.616,-6.865E-2
5.371,-0.603,1.068E-2,-0.617,-7.116E-2
5.404,-0.603,1.012E-2,-0.616,-6.851E-2
5.438,-0.603,1.601E-2,-0.616,-6.886E-2
5.471,-0.603,1.125E-2,-0.617,-7.114E-2
5.504,-0.603,1.076E-2,-0.616,-6.879E-2
5.537,-0.603,1.084E-2,-0.617,-7.098E-2
5.570,-0.603,1.084E-2,-0.616,-6.857E-2
5.603,-0.603,1.042E-2,-0.617,-7.112E-2
5.636,-0.603,1.037E-2,-0.616,-6.847E-2
5.670,-0.603,1.470E-2,-0.617,-7.104E-2
5.703,-0.603,1.104E-2,-0.616,-6.841E-2
5.736,-0.603,1.090E-2,-0.617,-7.111E-2
5.769,-0.603,1.099E-2,-0.616,-6.839E-2
5.802,-0.603,1.064E-2,-0.617,-7.116E-2
5.835,-0.603,1.032E-2,-0.616,-6.813E-2
5.869,-0.603,1.532E-2,-0.616,-6.881E-2
5.902,-0.603,1.311E-2,-0.617,-7.123E-2
5.935,-0.603,1.154E-2,-0.616,-6.869E-2
5.968,-0.603,1.164E-2,-0.617,-7.103E-2
6.001,-0.603,1.133E-2,-0.616,-6.885E-2
6.034,-0.603,1.087E-2,-0.616,-6.924E-2
6.067,-0.603,1.085E-2,-0.617,-7.102E-2
6.101,-0.603,1.113E-2,-0.616,-6.870E-2
6.134,-0.603,1.066E-2,-0.617,-7.104E-2
6.167,-0.603,1.017E-2,-0.616,-6.853E-2
6.200,-0.603,1.603E-2,-0.617,-7.111E-2
6.233,-0.603,1.113E-2,-0.616,-6.849E-2
6.266,-0.603,1.080E-2,-0.616,-6.886E-2
6.300,-0.603,1.075E-2,-0.617,-7.124E-2
6.333,-0.603,1.083E-2,-0.616,-6.870E-2
6.366,-0.603,1.044E-2,-0.617,-7.113E-2
6.399,-0.603,1.031E-2,-0.616,-6.838E-2
6.432,-0.603,1.498E-2,-0.616,-6.886E-2
6.465,-0.603,1.109E-2,-0.617,-7.134E-2
6.498,-0.603,1.084E-2,-0.616,-6.875E-2
6.532,-0.602,1.063E-2,-0.617,-7.106E-2
6.565,-0.603,1.044E-2,-0.616,-6.887E-2
6.598,-0.603,1.586E-2,-0.617,-7.117E-2
6.631,-0.603,1.322E-2,-0.616,-6.878E-2
6.664,-0.602,1.162E-2,-0.617,-7.115E-2
6.697,-0.599,1.159E-2,-0.615,-7.044E-2
6.731,-0.592,1.160E-2,-0.611,-6.803E-2
6.764,-0.584,1.136E-2,-0.605,-6.564E-2
6.797,-0.573,1.139E-2,-0.598,-6.337E-2
6.830,-0.562,1.145E-2,-0.589,-6.112E-2
6.863,-0.546,1.152E-2,-0.575,-6.039E-2
6.896,-0.530,1.148E-2,-0.553,-6.031E-2
6.930,-0.512,1.156E-2,-0.533,-6.031E-2
6.963,-0.492,1.156E-2,-0.513,-5.985E-2
6.996,-0.472,1.158E-2,-0.495,-5.884E-2
7.029,-0.449,1.156E-2,-0.473,-5.763E-2
7.062,-0.424,1.156E-2,-0.449,-5.703E-2
7.095,-0.399,9.997E-3,-0.424,-5.700E-2
7.128,-0.372,9.810E-3,-0.397,-5.751E-2
7.162,-0.345,9.739E-3,-0.370,-5.798E-2
7.195,-0.318,9.640E-3,-0.343,-5.791E-2
7.228,-0.293,9.544E-3,-0.316,-5.813E-2
7.261,-0.268,9.532E-3,-0.293,-5.756E-2
7.294,-0.245,9.539E-3,-0.270,-5.764E-2
7.327,-0.225,9.548E-3,-0.251,-5.797E-2
7.361,-0.209,9.530E-3,-0.234,-5.792E-2
7.394,-0.194,9.622E-3,-0.219,-5.831E-2
7.427,-0.182,9.631E-3,-0.208,-5.845E-2
7.460,-0.173,9.663E-3,-0.198,-5.856E-2
7.493,-0.166,9.708E-3,-0.191,-5.844E-2
7.526,-0.161,9.632E-3,-0.186,-5.812E-2
7.559,-0.157,9.722E-3,-0.183,-5.829E-2
7.593,-0.155,9.713E-3,-0.181,-5.795E-2
7.626,-0.153,9.752E-3,-0.179,-5.804E-2
7.659,-0.151,9.788E-3,-0.177,-5.765E-2
7.692,-0.149,9.819E-3,-0.176,-5.823E-2
7.725,-0.146,9.809E-3,-0.174,-5.879E-2
7.758,-0.144,9.794E-3,-0.171,-6.019E-2
7.792,-0.142,9.877E-3,-0.169,-6.236E-2
7.825,-0.139,9.840E-3,-0.164,-6.697E-2
7.858,-0.137,9.743E-3,-0.162,-7.373E-2
7.891,-0.137,9.697E-3,-0.158,-8.039E-2
7.924,-0.135,9.773E-3,-0.153,-8.725E-2
7.957,-0.134,9.722E-3,-0.151,-9.408E-2
7.990,-0.133,9.843E-3,-0.146,-0.103
8.024,-0.132,9.770E-3,-0.144,-0.110
8.057,-0.132,9.734E-3,-0.142,-0.119
8.090,-0.132,9.760E-3,-0.140,-0.130
8.123,-0.132,9.767E-3,-0.139,-0.141
8.156,-0.132,9.755E-3,-0.138,-0.153
8.189,-0.132,9.779E-3,-0.137,-0.164
8.223,-0.132,9.819E-3,-0.139,-0.176
8.256,-0.132,9.825E-3,-0.141,-0.189
8.289,-0.132,9.891E-3,-0.144,-0.202
8.322,-0.132,9.853E-3,-0.146,-0.216
8.355,-0.133,9.829E-3,-0.150,-0.230
8.388,-0.133,9.898E-3,-0.150,-0.251
8.422,-0.133,9.867E-3,-0.153,-0.267
8.455,-0.132,9.832E-3,-0.156,-0.284
8.488,-0.132,9.845E-3,-0.158,-0.302
8.521,-0.133,9.871E-3,-0.160,-0.319
8.554,-0.132,9.791E-3,-0.160,-0.335
8.587,-0.132,9.812E-3,-0.160,-0.354
8.620,-0.133,9.871E-3,-0.161,-0.373
8.654,-0.133,9.879E-3,-0.159,-0.390
8.687,-0.133,9.873E-3,-0.158,-0.408
8.720,-0.133,9.860E-3,-0.156,-0.429
8.753,-0.133,9.865E-3,-0.155,-0.445
8.786,-0.133,9.833E-3,-0.153,-0.464
8.819,-0.133,9.813E-3,-0.152,-0.484
8.853,-0.133,9.889E-3,-0.150,-0.504
8.886,-0.133,9.868E-3,-0.149,-0.523
8.919,-0.133,9.867E-3,-0.147,-0.543
8.952,-0.133,9.819E-3,-0.145,-0.562
8.985,-0.132,9.812E-3,-0.143,-0.581
9.018,-0.132,9.825E-3,-0.141,-0.601
9.051,-0.132,9.762E-3,-0.139,-0.621
9.085,-0.132,9.770E-3,-0.136,-0.641
9.118,-0.132,9.737E-3,-0.134,-0.659
9.151,-0.132,9.747E-3,-0.132,-0.676
9.184,-0.132,9.734E-3,-0.130,-0.695
9.217,-0.132,9.830E-3,-0.128,-0.716
9.250,-0.132,9.943E-3,-0.127,-0.734
9.284,-0.132,9.941E-3,-0.125,-0.753
9.317,-0.132,9.931E-3,-0.125,-0.773
9.350,-0.132,9.925E-3,-0.125,-0.793
9.383,-0.133,9.871E-3,-0.125,-0.812
9.416,-0.133,9.844E-3,-0.125,-0.831
9.449,-0.132,9.782E-3,-0.126,-0.851
9.482,-0.132,9.815E-3,-0.127,-0.870
9.516,-0.132,9.819E-3,-0.129,-0.889
9.549,-0.132,9.831E-3,-0.129,-0.907
9.582,-0.132,9.830E-3,-0.131,-0.926
9.615,-0.132,9.786E-3,-0.132,-0.945
9.648,-0.132,9.823E-3,-0.134,-0.964
9.681,-0.132,9.843E-3,-0.137,-0.984
9.715,-0.132,9.812E-3,-0.139,-1.004
9.748,-0.132,9.825E-3,-0.141,-1.023
9.781,-0.132,9.818E-3,-0.143,-1.041
9.814,-0.132,9.767E-3,-0.145,-1.060
9.847,-0.132,9.832E-3,-0.146,-1.079
9.880,-0.132,9.814E-3,-0.148,-1.095
9.914,-0.132,9.894E-3,-0.148,-1.112
9.947,-0.132,9.757E-3,-0.150,-1.129
9.980,-0.132,9.785E-3,-0.150,-1.144
10.013,-0.132,9.804E-3,-0.151,-1.158
10.046,-0.132,9.767E-3,-0.152,-1.172
10.079,-0.132,9.793E-3,-0.152,-1.186
10.112,-0.133,9.891E-3,-0.153,-1.197
10.146,-0.133,9.913E-3,-0.154,-1.207
10.179,-0.133,9.904E-3,-0.155,-1.217
10.212,-0.133,9.881E-3,-0.154,-1.224
10.245,-0.133,9.844E-3,-0.154,-1.230
10.278,-0.132,9.798E-3,-0.153,-1.237
10.311,-0.132,9.806E-3,-0.155,-1.239
10.345,-0.132,9.826E-3,-0.158,-1.242
10.378,-0.132,9.810E-3,-0.161,-1.242
10.411,-0.131,9.828E-3,-0.159,-1.242
10.444,-0.127,9.729E-3,-0.160,-1.243
10.477,-0.121,9.790E-3,-0.160,-1.242
10.510,-0.112,9.783E-3,-0.159,-1.243
10.543,-0.101,9.643E-3,-0.160,-1.241
10.577,-8.752E-2,9.593E-3,-0.159,-1.243
10.610,-7.329E-2,9.468E-3,-0.158,-1.242
10.643,-5.544E-2,9.369E-3,-0.152,-1.238
10.676,-3.539E-2,9.546E-3,-0.139,-1.228
10.709,-1.456E-2,9.536E-3,-0.125,-1.222
10.742,9.902E-3,9.362E-3,-0.111,-1.216
10.776,3.515E-2,9.604E-3,-9.822E-2,-1.204
10.809,6.398E-2,9.695E-3,-8.826E-2,-1.195
10.842,9.339E-2,9.630E-3,-8.039E-2,-1.187
10.875,0.123,9.484E-3,-7.572E-2,-1.174
10.908,0.157,9.574E-3,-7.181E-2,-1.163
10.941,0.191,9.385E-3,-6.505E-2,-1.151
10.974,0.227,9.385E-3,-5.208E-2,-1.135
11.008,0.266,9.409E-3,-3.220E-2,-1.121
11.041,0.306,9.396E-3,-7.271E-3,-1.109
11.074,0.349,9.430E-3,2.642E-2,-1.095
11.107,0.392,9.560E-3,6.486E-2,-1.079
11.140,0.435,9.551E-3,0.106,-1.068
11.173,0.480,9.503E-3,0.147,-1.054
11.207,0.524,9.538E-3,0.187,-1.037
11.240,0.569,9.076E-3,0.227,-1.023
11.273,0.614,9.014E-3,0.267,-1.011
11.306,0.659,8.767E-3,0.308,-0.996
11.339,0.706,8.019E-3,0.350,-0.980
11.372,0.754,7.355E-3,0.398,-0.969
11.406,0.803,6.261E-3,0.452,-0.957
11.439,0.853,6.201E-3,0.515,-0.946
11.472,0.903,5.943E-3,0.583,-0.936
11.505,0.955,7.732E-3,0.655,-0.930
11.538,1.007,5.814E-3,0.733,-0.922
11.571,1.057,5.970E-3,0.811,-0.914
11.604,1.109,7.409E-3,0.890,-0.909
11.638,1.161,7.392E-3,0.967,-0.904
11.671,1.215,7.070E-3,1.040,-0.897
11.704,1.269,5.773E-3,1.112,-0.894
11.737,1.324,5.864E-3,1.185,-0.893
11.770,1.382,7.744E-3,1.259,-0.888
11.803,1.442,5.439E-3,1.338,-0.885
11.837,1.502,7.948E-3,1.420,-0.885
11.870,1.565,6.192E-3,1.518,-0.879
11.903,1.627,7.469E-3,1.611,-0.879
11.936,1.692,7.737E-3,1.704,-0.874
11.969,1.756,8.258E-3,1.799,-0.872
12.002,1.821,1.061E-2,1.892,-0.866
12.035,1.887,8.309E-3,1.982,-0.863
12.069,1.955,8.435E-3,2.079,-0.872
12.102,2.021,8.882E-3,2.158,-0.870
12.135,2.088,1.050E-2,2.234,-0.870
12.168,2.154,1.297E-2,2.310,-0.867
12.201,2.221,1.152E-2,2.384,-0.866
12.234,2.287,1.184E-2,2.461,-0.863
12.268,2.353,1.307E-2,2.538,-0.858
12.301,2.416,1.359E-2,2.617,-0.852
12.334,2.479,1.408E-2,2.694,-0.846
12.367,2.538,1.499E-2,2.769,-0.840
12.400,2.595,1.508E-2,2.840,-0.834
12.433,2.649,1.497E-2,2.904,-0.829
12.466,2.701,1.508E-2,2.963,-0.828
12.500,2.751,1.541E-2,3.010,-0.824
12.533,2.798,1.696E-2,3.057,-0.826
12.566,2.844,1.810E-2,3.100,-0.829
12.599,2.887,1.799E-2,3.140,-0.829
12.632,2.929,1.834E-2,3.178,-0.831
12.665,2.968,1.850E-2,3.216,-0.832
12.699,3.004,1.878E-2,3.254,-0.829
12.732,3.038,1.878E-2,3.289,-0.826
12.765,3.069,1.902E-2,3.320,-0.825
12.798,3.096,1.825E-2,3.347,-0.822
12.831,3.121,1.813E-2,3.368,-0.822
12.864,3.144,1.810E-2,3.384,-0.824
12.898,3.162,1.849E-2,3.393,-0.828
12.931,3.179,1.867E-2,3.397,-0.834
12.964,3.193,1.970E-2,3.396,-0.841
12.997,3.206,2.002E-2,3.395,-0.845
13.030,3.217,2.116E-2,3.391,-0.849
13.063,3.226,1.921E-2,3.389,-0.852
13.096,3.233,2.075E-2,3.385,-0.854
13.130,3.238,1.936E-2,3.381,-0.853
13.163,3.239,2.137E-2,3.376,-0.852
13.196,3.239,1.920E-2,3.366,-0.852
13.229,3.236,2.126E-2,3.352,-0.852
13.262,3.233,2.135E-2,3.333,-0.854
13.295,3.229,1.879E-2,3.309,-0.857
13.329,3.224,2.086E-2,3.281,-0.861
13.362,3.219,1.921E-2,3.251,-0.865
13.395,3.211,2.050E-2,3.222,-0.866
13.428,3.203,2.052E-2,3.196,-0.867
13.461,3.193,1.967E-2,3.170,-0.868
13.494,3.182,1.976E-2,3.149,-0.868
13.527,3.168,1.952E-2,3.129,-0.866
13.561,3.153,1.944E-2,3.111,-0.864
13.594,3.136,1.876E-2,3.090,-0.863
13.627,3.118,1.913E-2,3.067,-0.860
13.660,3.098,1.973E-2,3.040,-0.861
13.693,3.076,1.972E-2,3.010,-0.860
13.726,3.055,1.927E-2,2.976,-0.862
13.760,3.035,1.872E-2,2.942,-0.860
13.793,3.015,1.849E-2,2.909,-0.861
13.826,2.996,1.723E-2,2.880,-0.858
13.859,2.977,1.684E-2,2.854,-0.858
13.892,2.959,2.069E-2,2.834,-0.856
13.925,2.941,1.764E-2,2.817,-0.856
13.958,2.925,1.753E-2,2.805,-0.854
13.992,2.908,1.749E-2,2.792,-0.853
14.025,2.893,1.745E-2,2.779,-0.852
14.058,2.877,1.888E-2,2.762,-0.852
14.091,2.862,1.738E-2,2.742,-0.852
14.124,2.848,1.877E-2,2.720,-0.852
14.157,2.835,1.829E-2,2.696,-0.851
14.191,2.823,1.825E-2,2.673,-0.852
14.224,2.813,1.773E-2,2.655,-0.850
14.257,2.804,1.773E-2,2.642,-0.849
14.290,2.796,1.739E-2,2.632,-0.849
14.323,2.787,1.792E-2,2.629,-0.847
14.356,2.780,1.734E-2,2.628,-0.848
14.390,2.772,1.745E-2,2.630,-0.847
14.423,2.765,1.776E-2,2.631,-0.846
14.456,2.758,1.802E-2,2.630,-0.846
14.489,2.751,1.713E-2,2.625,-0.847
14.522,2.745,1.767E-2,2.618,-0.847
14.555,2.741,1.772E-2,2.609,-0.849
14.588,2.739,1.751E-2,2.600,-0.850
14.622,2.737,1.711E-2,2.594,-0.850
14.655,2.737,1.802E-2,2.594,-0.850
14.688,2.737,1.693E-2,2.598,-0.852
14.721,2.737,1.806E-2,2.607,-0.853
14.754,2.737,1.685E-2,2.621,-0.852
14.787,2.737,1.813E-2,2.635,-0.853
14.821,2.737,1.681E-2,2.648,-0.852
14.854,2.737,1.829E-2,2.659,-0.851
14.887,2.738,1.686E-2,2.666,-0.851
14.920,2.738,1.791E-2,2.668,-0.852
14.953,2.738,1.770E-2,2.668,-0.855
14.986,2.739,1.715E-2,2.668,-0.856
15.019,2.742,1.762E-2,2.670,-0.856
15.053,2.747,1.715E-2,2.675,-0.857
15.086,2.752,1.807E-2,2.685,-0.858
15.119,2.759,1.698E-2,2.699,-0.859
15.152,2.768,1.795E-2,2.716,-0.859
15.185,2.776,1.685E-2,2.735,-0.857
15.218,2.784,1.797E-2,2.753,-0.856
15.252,2.792,1.686E-2,2.767,-0.854
15.285,2.799,1.844E-2,2.776,-0.854
15.318,2.807,1.688E-2,2.781,-0.855
15.351,2.814,1.943E-2,2.783,-0.856
15.384,2.821,1.678E-2,2.783,-0.856
15.417,2.828,1.945E-2,2.783,-0.856
15.450,2.836,1.735E-2,2.786,-0.858
15.484,2.844,1.934E-2,2.793,-0.859
15.517,2.851,1.722E-2,2.805,-0.858
15.550,2.859,1.955E-2,2.819,-0.858
15.583,2.867,1.691E-2,2.835,-0.859
15.616,2.873,1.691E-2,2.851,-0.858
15.649,2.878,1.972E-2,2.865,-0.857
15.683,2.884,1.684E-2,2.874,-0.857
15.716,2.889,2.088E-2,2.878,-0.857
15.749,2.897,1.813E-2,2.879,-0.859
15.782,2.907,1.758E-2,2.876,-0.861
15.815,2.919,1.793E-2,2.873,-0.865
15.848,2.930,1.887E-2,2.874,-0.866
15.882,2.942,1.829E-2,2.877,-0.869
15.915,2.951,1.879E-2,2.884,-0.874
15.948,2.957,1.822E-2,2.895,-0.879
15.981,2.960,1.871E-2,2.910,-0.883
16.014,2.961,1.872E-2,2.923,-0.890
16.047,2.962,1.877E-2,2.935,-0.896
16.080,2.963,1.787E-2,2.945,-0.904
16.114,2.961,1.823E-2,2.948,-0.916
16.147,2.960,1.865E-2,2.950,-0.926
16.180,2.959,1.793E-2,2.946,-0.938
16.213,2.958,1.810E-2,2.942,-0.951
16.246,2.958,1.821E-2,2.937,-0.964
16.279,2.958,1.814E-2,2.935,-0.977
16.313,2.958,1.812E-2,2.937,-0.990
16.346,2.957,1.835E-2,2.940,-1.004
16.379,2.958,1.777E-2,2.948,-1.017
16.412,2.958,1.763E-2,2.955,-1.033
16.445,2.958,1.772E-2,2.962,-1.046
16.478,2.958,1.783E-2,2.967,-1.062
16.511,2.957,1.862E-2,2.968,-1.080
16.545,2.958,1.779E-2,2.966,-1.099
16.578,2.956,1.826E-2,2.959,-1.119
16.611,2.955,1.786E-2,2.951,-1.142
16.644,2.953,1.767E-2,2.941,-1.161
16.677,2.951,1.851E-2,2.933,-1.178
16.710,2.949,1.827E-2,2.928,-1.196
16.744,2.946,1.831E-2,2.924,-1.212
16.777,2.944,1.772E-2,2.923,-1.223
16.810,2.942,1.756E-2,2.923,-1.238
16.843,2.939,1.747E-2,2.924,-1.247
16.876,2.937,1.776E-2,2.922,-1.255
16.909,2.937,1.719E-2,2.919,-1.266
16.942,2.937,1.687E-2,2.911,-1.277
16.976,2.936,2.053E-2,2.901,-1.285
17.009,2.936,1.775E-2,2.889,-1.295
17.042,2.936,1.766E-2,2.878,-1.303
17.075,2.936,1.760E-2,2.869,-1.308
17.108,2.935,1.771E-2,2.864,-1.312
17.141,2.936,1.777E-2,2.857,-1.314
17.175,2.936,1.786E-2,2.852,-1.316
17.208,2.936,1.724E-2,2.853,-1.315
17.241,2.937,1.701E-2,2.855,-1.315
17.274,2.937,1.681E-2,2.854,-1.315
17.307,2.936,2.101E-2,2.853,-1.316
17.340,2.936,1.770E-2,2.854,-1.316
17.374,2.936,1.749E-2,2.855,-1.315
17.407,2.936,1.757E-2,2.856,-1.311
17.440,2.936,1.754E-2,2.856,-1.307
17.473,2.936,1.723E-2,2.858,-1.304
17.506,2.937,1.670E-2,2.860,-1.297
17.539,2.937,1.677E-2,2.862,-1.291
17.572,2.936,2.111E-2,2.865,-1.286
17.606,2.937,1.761E-2,2.867,-1.280
17.639,2.937,1.761E-2,2.869,-1.273
17.672,2.937,1.831E-2,2.870,-1.266
17.705,2.938,1.774E-2,2.871,-1.256
17.738,2.937,1.821E-2,2.871,-1.247
17.771,2.939,1.782E-2,2.873,-1.236
17.805,2.940,1.740E-2,2.873,-1.225
17.838,2.940,1.702E-2,2.875,-1.214
17.871,2.941,2.068E-2,2.876,-1.200
17.904,2.942,1.783E-2,2.879,-1.187
17.937,2.942,1.779E-2,2.882,-1.174
17.970,2.942,1.830E-2,2.884,-1.160
18.003,2.942,1.781E-2,2.887,-1.144
18.037,2.942,1.767E-2,2.890,-1.130
18.070,2.941,1.855E-2,2.892,-1.115
18.103,2.943,1.790E-2,2.896,-1.098
18.136,2.941,1.868E-2,2.897,-1.083
18.169,2.942,1.792E-2,2.900,-1.067
18.202,2.941,1.855E-2,2.905,-1.048
18.236,2.941,1.858E-2,2.908,-1.029
18.269,2.942,1.853E-2,2.912,-1.011
18.302,2.942,1.823E-2,2.918,-0.990
18.335,2.943,1.831E-2,2.922,-0.971
18.368,2.943,1.784E-2,2.927,-0.951
18.401,2.943,1.771E-2,2.930,-0.931
18.434,2.943,1.750E-2,2.932,-0.913
18.468,2.943,1.766E-2,2.935,-0.892
18.501,2.943,1.812E-2,2.936,-0.872
18.534,2.943,1.764E-2,2.935,-0.854
18.567,2.943,1.796E-2,2.934,-0.833
18.600,2.943,1.756E-2,2.933,-0.814
18.633,2.943,1.786E-2,2.930,-0.795
18.667,2.941,1.824E-2,2.927,-0.774
18.700,2.942,1.839E-2,2.925,-0.754
18.733,2.941,1.859E-2,2.921,-0.733
18.766,2.942,1.797E-2,2.918,-0.712
18.799,2.942,1.768E-2,2.914,-0.693
18.832,2.942,1.803E-2,2.909,-0.672
18.866,2.942,1.770E-2,2.905,-0.654
18.899,2.942,1.745E-2,2.901,-0.633
18.932,2.942,1.775E-2,2.896,-0.613
18.965,2.942,1.725E-2,2.892,-0.594
18.998,2.942,1.743E-2,2.887,-0.574
19.031,2.942,1.713E-2,2.885,-0.555
19.064,2.943,2.160E-2,2.882,-0.537
19.098,2.943,1.774E-2,2.880,-0.519
19.131,2.943,1.768E-2,2.879,-0.503
19.164,2.943,1.755E-2,2.880,-0.486
19.197,2.942,1.759E-2,2.880,-0.472
19.230,2.942,1.782E-2,2.881,-0.461
19.263,2.943,1.774E-2,2.883,-0.446
19.297,2.942,1.773E-2,2.886,-0.434
19.330,2.942,1.741E-2,2.889,-0.427
19.363,2.942,1.716E-2,2.891,-0.418
19.396,2.943,1.683E-2,2.894,-0.411
19.429,2.942,2.122E-2,2.897,-0.407
19.462,2.943,1.753E-2,2.899,-0.402
19.495,2.943,1.744E-2,2.903,-0.397
19.529,2.943,1.707E-2,2.905,-0.396
19.562,2.943,2.097E-2,2.909,-0.392
19.595,2.943,1.791E-2,2.912,-0.391
19.628,2.943,1.797E-2,2.917,-0.390
19.661,2.943,1.786E-2,2.918,-0.389
19.694,2.942,1.773E-2,2.921,-0.389
19.728,2.942,1.754E-2,2.924,-0.389
19.761,2.942,1.841E-2,2.925,-0.388
19.794,2.941,1.850E-2,2.926,-0.389
19.827,2.943,1.785E-2,2.926,-0.388
19.860,2.941,1.848E-2,2.927,-0.388
19.893,2.942,1.769E-2,2.928,-0.387
19.926,2.941,1.848E-2,2.928,-0.387
19.960,2.943,1.787E-2,2.928,-0.386
19.993,2.942,1.806E-2,2.928,-0.386
20.026,2.941,1.828E-2,2.929,-0.386
20.059,2.941,1.848E-2,2.928,-0.385
20.092,2.942,1.814E-2,2.928,-0.385
20.125,2.942,1.821E-2,2.926,-0.384
20.159,2.941,1.852E-2,2.924,-0.384
20.192,2.943,1.816E-2,2.920,-0.384
20.225,2.941,1.852E-2,2.917,-0.383
20.258,2.942,1.774E-2,2.913,-0.383
20.291,2.942,1.786E-2,2.909,-0.381
20.324,2.942,1.790E-2,2.904,-0.381
20.358,2.942,1.780E-2,2.901,-0.380
20.391,2.941,1.863E-2,2.898,-0.379
20.424,2.942,1.788E-2,2.894,-0.379
20.457,2.941,1.849E-2,2.891,-0.377
20.490,2.941,1.865E-2,2.889,-0.376
20.523,2.942,1.778E-2,2.887,-0.376
20.556,2.942,1.790E-2,2.886,-0.376
20.590,2.941,1.863E-2,2.885,-0.376
20.623,2.942,1.783E-2,2.886,-0.377
20.656,2.941,1.848E-2,2.888,-0.377
20.689,2.943,1.785E-2,2.890,-0.377
20.722,2.941,1.858E-2,2.893,-0.377
20.755,2.941,1.861E-2,2.897,-0.377
20.789,2.943,1.789E-2,2.901,-0.378
20.822,2.941,1.854E-2,2.905,-0.379
20.855,2.943,1.782E-2,2.910,-0.379
20.888,2.941,1.846E-2,2.915,-0.379
20.921,2.943,1.789E-2,2.920,-0.379
20.954,2.941,1.874E-2,2.924,-0.379
20.987,2.943,1.799E-2,2.927,-0.379
21.021,2.941,1.874E-2,2.930,-0.379
21.054,2.943,1.807E-2,2.932,-0.379
21.087,2.941,1.877E-2,2.932,-0.379
21.120,2.942,1.799E-2,2.932,-0.379
21.153,2.941,1.878E-2,2.933,-0.378
21.186,2.941,1.868E-2,2.932,-0.379
21.220,2.943,1.771E-2,2.930,-0.378
21.253,2.941,1.861E-2,2.928,-0.378
21.286,2.943,1.786E-2,2.926,-0.378
21.319,2.941,1.860E-2,2.921,-0.379
21.352,2.942,1.779E-2,2.918,-0.378
21.385,2.941,1.871E-2,2.914,-0.378
21.418,2.943,1.772E-2,2.911,-0.378
21.452,2.941,1.854E-2,2.908,-0.377
21.485,2.943,1.772E-2,2.904,-0.377
21.518,2.941,1.860E-2,2.901,-0.377
21.551,2.943,1.785E-2,2.899,-0.376
21.584,2.941,1.879E-2,2.898,-0.375
21.617,2.943,1.805E-2,2.896,-0.375
21.651,2.941,1.869E-2,2.895,-0.375
21.684,2.943,1.801E-2,2.894,-0.374
21.717,2.941,1.867E-2,2.894,-0.374
21.750,2.943,1.784E-2,2.894,-0.374
21.783,2.941,1.879E-2,2.894,-0.375
21.816,2.943,1.797E-2,2.896,-0.375
21.850,2.941,1.874E-2,2.896,-0.374
21.883,2.942,1.808E-2,2.897,-0.375
21.916,2.941,1.864E-2,2.899,-0.375
21.949,2.942,1.809E-2,2.901,-0.376
21.982,2.941,1.874E-2,2.902,-0.377
22.015,2.942,1.803E-2,2.904,-0.377
22.048,2.941,1.841E-2,2.907,-0.377
22.082,2.942,1.798E-2,2.908,-0.377
22.115,2.941,1.873E-2,2.911,-0.378
22.148,2.942,1.808E-2,2.913,-0.379
22.181,2.941,1.879E-2,2.916,-0.379
22.214,2.942,1.792E-2,2.918,-0.379
22.247,2.941,1.864E-2,2.921,-0.379
22.281,2.942,1.792E-2,2.923,-0.379
22.314,2.941,1.859E-2,2.925,-0.379
22.347,2.942,1.808E-2,2.926,-0.379
22.380,2.941,1.873E-2,2.928,-0.378
22.413,2.942,1.792E-2,2.929,-0.379
22.446,2.941,1.872E-2,2.929,-0.379
22.479,2.942,1.798E-2,2.928,-0.379
22.513,2.941,1.869E-2,2.927,-0.378
22.546,2.942,1.806E-2,2.925,-0.378
22.579,2.941,1.860E-2,2.923,-0.377
22.612,2.943,1.802E-2,2.919,-0.378
22.645,2.941,1.864E-2,2.916,-0.378
22.678,2.941,1.851E-2,2.914,-0.377
22.712,2.943,1.781E-2,2.909,-0.377
22.745,2.941,1.846E-2,2.905,-0.377
22.778,2.943,1.766E-2,2.901,-0.376
22.811,2.941,1.875E-2,2.899,-0.376
22.844,2.942,1.805E-2,2.895,-0.375
22.877,2.941,1.861E-2,2.892,-0.375
22.910,2.942,1.805E-2,2.891,-0.375
22.944,2.941,1.859E-2,2.889,-0.375
22.977,2.943,1.774E-2,2.888,-0.375
23.010,2.941,1.856E-2,2.888,-0.375
23.043,2.943,1.782E-2,2.889,-0.374
23.076,2.941,1.851E-2,2.890,-0.375
23.109,2.943,1.779E-2,2.894,-0.374
23.143,2.941,1.834E-2,2.896,-0.375
23.176,2.943,1.753E-2,2.899,-0.376
23.209,2.941,1.841E-2,2.902,-0.376
23.242,2.943,1.772E-2,2.905,-0.377
23.275,2.941,1.858E-2,2.908,-0.377
23.308,2.942,1.783E-2,2.913,-0.377
23.342,2.941,1.879E-2,2.915,-0.378
23.375,2.942,1.770E-2,2.918,-0.378
23.408,2.941,1.864E-2,2.919,-0.379
23.441,2.943,1.782E-2,2.921,-0.378
23.474,2.941,1.852E-2,2.923,-0.379
23.507,2.943,1.775E-2,2.924,-0.378
23.540,2.941,1.849E-2,2.923,-0.379
23.574,2.942,1.780E-2,2.923,-0.379
23.607,2.941,1.850E-2,2.923,-0.379
23.640,2.943,1.776E-2,2.921,-0.379
23.673,2.941,1.840E-2,2.921,-0.378
23.706,2.942,1.801E-2,2.919,-0.379
23.739,2.941,1.841E-2,2.917,-0.379
23.773,2.943,1.812E-2,2.916,-0.378
23.806,2.941,1.864E-2,2.914,-0.378
23.839,2.943,1.790E-2,2.911,-0.379
23.872,2.942,1.851E-2,2.910,-0.378
23.905,2.942,1.804E-2,2.908,-0.378
23.938,2.941,1.885E-2,2.907,-0.377
23.971,2.941,1.877E-2,2.904,-0.377
24.005,2.942,1.807E-2,2.903,-0.377
24.038,2.941,1.859E-2,2.901,-0.376
24.071,2.942,1.806E-2,2.900,-0.375
24.104,2.941,1.855E-2,2.898,-0.376
24.137,2.942,1.824E-2,2.897,-0.375
24.170,2.941,1.874E-2,2.896,-0.376
24.204,2.942,1.795E-2,2.896,-0.375
24.237,2.941,1.862E-2,2.895,-0.375
24.270,2.942,1.789E-2,2.895,-0.375
24.303,2.941,1.851E-2,2.895,-0.375
24.336,2.942,1.769E-2,2.895,-0.376
24.369,2.941,1.833E-2,2.896,-0.376
24.402,2.943,1.768E-2,2.897,-0.376
24.436,2.941,1.811E-2,2.898,-0.376
24.469,2.942,1.757E-2,2.900,-0.377
24.502,2.941,1.800E-2,2.902,-0.377
24.535,2.942,1.764E-2,2.904,-0.377
24.568,2.942,1.759E-2,2.906,-0.379
24.601,2.942,1.729E-2,2.909,-0.380
24.635,2.943,1.704E-2,2.911,-0.380
24.668,2.942,1.933E-2,2.914,-0.379
24.701,2.943,1.687E-2,2.916,-0.380
24.734,2.942,1.958E-2,2.919,-0.379
24.767,2.943,1.696E-2,2.920,-0.380
24.800,2.942,2.012E-2,2.921,-0.380
24.834,2.943,1.767E-2,2.922,-0.380
24.867,2.943,1.765E-2,2.923,-0.380
24.900,2.943,1.817E-2,2.923,-0.379
24.933,2.943,1.789E-2,2.921,-0.380
24.966,2.943,1.779E-2,2.920,-0.380
24.999,2.943,1.770E-2,2.919,-0.379
25.032,2.941,1.950E-2,2.915,-0.377
25.066,2.944,3.260E-2,2.914,-0.366
25.099,2.944,3.173E-2,2.911,-0.368
25.132,2.942,2.006E-2,2.908,-0.379
25.165,2.942,1.765E-2,2.906,-0.380
25.198,2.944,1.985E-2,2.903,-0.377
