22674, 0.019, 0.019, 0.009,0.06,0.500, 0.010, 0.000, 3031.484
22683, 0.015, 0.015, 0.009,0.05,0.500, 0.010, 0.000, 170.293
22693, 0.012, 0.012, 0.010,0.05,0.500, 0.010, 0.000, 165.120
22704, 0.013, 0.013, 0.009,0.05,0.500, 0.010, 0.000, 138.504
22713, 0.013, 0.013, 0.009,0.05,0.500, 0.010, 0.000, 147.662
22723, 0.017, 0.017, 0.009,0.05,0.500, 0.010, 0.000, 117.108
22733, 0.022, 0.022, 0.010,0.05,0.500, 0.010, 0.000, 115.411
22744, 0.022, 0.022, 0.010,0.05,0.500, 0.010, 0.000, 144.080
22753, 0.024, 0.024, 0.010,0.03,0.500, 0.010, 0.000, 128.810
22763, 0.025, 0.025, 0.009,-0.01,0.500, 0.010, 0.000, 139.351
22773, 0.026, 0.026, 0.010,-0.10,0.500, 0.010, 0.000, 132.439
22784, 0.027, 0.027, 0.010,-0.26,0.500, 0.010, 0.000, 134.573
22793, 0.030, 0.029, 0.011,-0.52,0.500, 0.010, 0.000, 128.567
22803, 0.034, 0.033, 0.011,-0.90,0.500, 0.010, 0.000, 115.909
22813, 0.038, 0.037, 0.011,-1.37,0.500, 0.010, 0.000, 113.698
22823, 0.042, 0.042, 0.011,-1.91,0.500, 0.010, 0.000, 111.179
22833, 0.048, 0.047, 0.011,-2.36,0.500, 0.010, 0.000, 101.980
22843, 0.048, 0.048, 0.011,-2.66,0.500, 0.010, 0.000, 131.605
22853, 0.051, 0.051, 0.012,-2.73,0.500, 0.010, 0.000, 117.400
22863, 0.056, 0.055, 0.012,-2.58,0.500, 0.010, 0.000, 105.996
22874, 0.058, 0.058, 0.012,-2.29,0.500, 0.010, 0.000, 119.129
22883, 0.057, 0.057, 0.012,-1.91,0.500, 0.010, 0.000, 137.196
22893, 0.063, 0.062, 0.011,-1.54,0.500, 0.010, 0.000, 98.602
22903, 0.064, 0.064, 0.010,-1.24,0.500, 0.010, 0.000, 120.473
22914, 0.066, 0.065, 0.010,-1.06,0.500, 0.010, 0.000, 122.729
22923, 0.074, 0.074, 0.011,-1.00,0.500, 0.010, 0.000, 78.628
22933, 0.079, 0.079, 0.011,-1.05,0.500, 0.010, 0.000, 96.849
22943, 0.086, 0.086, 0.011,-1.19,0.500, 0.010, 0.000, 80.762
22953, 0.090, 0.090, 0.011,-1.36,0.500, 0.010, 0.000, 97.208
22963, 0.092, 0.092, 0.010,-1.54,0.500, 0.010, 0.000, 110.428
22973, 0.099, 0.098, 0.009,-1.73,0.500, 0.010, 0.000, 82.431
22983, 0.101, 0.101, 0.010,-1.91,0.500, 0.010, 0.000, 105.911
22993, 0.108, 0.107, 0.010,-2.09,0.500, 0.010, 0.000, 78.270
23004, 0.117, 0.117, 0.010,-2.26,0.500, 0.010, 0.000, 56.904
23013, 0.124, 0.124, 0.010,-2.43,0.500, 0.010, 0.000, 68.758
23023, 0.131, 0.131, 0.010,-2.57,0.500, 0.010, 0.000, 70.922
23033, 0.141, 0.140, 0.011,-2.65,0.500, 0.010, 0.000, 48.674
23044, 0.149, 0.149, 0.011,-2.66,0.500, 0.010, 0.000, 54.179
23053, 0.157, 0.157, 0.011,-2.62,0.500, 0.010, 0.000, 57.456
23063, 0.166, 0.166, 0.011,-2.57,0.500, 0.010, 0.000, 43.835
23073, 0.173, 0.173, 0.011,-2.54,0.500, 0.010, 0.000, 56.349
23084, 0.183, 0.183, 0.011,-2.54,0.500, 0.010, 0.000, 34.370
23093, 0.186, 0.186, 0.010,-2.54,0.500, 0.010, 0.000, 77.948
23103, 0.191, 0.190, 0.010,-2.54,0.500, 0.010, 0.000, 66.006
23113, 0.202, 0.202, 0.009,-2.46,0.500, 0.010, 0.000, 19.322
23123, 0.212, 0.212, 0.010,-2.31,0.500, 0.010, 0.000, 25.941
23133, 0.223, 0.223, 0.011,-2.07,0.500, 0.010, 0.000, 16.847
23143, 0.232, 0.231, 0.010,-1.77,0.500, 0.010, 0.000, 30.247
23153, 0.240, 0.240, 0.010,-1.46,0.500, 0.010, 0.000, 26.414
23163, 0.250, 0.250, 0.011,-1.18,0.500, 0.010, 0.000, 14.299
23173, 0.263, 0.263, 0.011,-0.95,0.500, 0.010, 0.000, -3.115
23183, 0.268, 0.268, 0.010,-0.79,0.500, 0.010, 0.000, 35.407
23193, 0.279, 0.279, 0.011,-0.69,0.500, 0.010, 0.000, 4.774
23203, 0.288, 0.288, 0.011,-0.65,0.500, 0.010, 0.000, 10.330
23214, 0.299, 0.299, 0.011,-0.61,0.500, 0.010, 0.000, -8.663
23223, 0.310, 0.310, 0.009,-0.55,0.500, 0.010, 0.000, -9.089
23233, 0.321, 0.321, 0.009,-0.46,0.500, 0.010, 0.000, -10.130
23243, 0.332, 0.332, 0.009,-0.36,0.500, 0.010, 0.000, -19.367
23254, 0.343, 0.343, 0.009,-0.25,0.500, 0.010, 0.000, -18.965
23263, 0.352, 0.352, 0.008,-0.15,0.500, 0.010, 0.000, -5.653
23273, 0.362, 0.362, 0.008,-0.05,0.500, 0.010, 0.000, -17.597
23283, 0.369, 0.369, 0.008,0.06,0.500, 0.010, 0.000, -5.099
23293, 0.379, 0.379, 0.009,0.20,0.500, 0.010, 0.000, -25.803
23303, 0.391, 0.391, 0.010,0.39,0.500, 0.010, 0.000, -34.622
23313, 0.400, 0.400, 0.010,0.66,0.500, 0.010, 0.000, -28.531
23323, 0.410, 0.410, 0.010,1.05,0.500, 0.010, 0.000, -31.232
23333, 0.418, 0.419, 0.009,1.61,0.500, 0.010, 0.000, -26.382
23344, 0.427, 0.428, 0.010,2.24,0.500, 0.010, 0.000, -30.765
23353, 0.436, 0.437, 0.010,2.92,0.500, 0.010, 0.000, -34.812
23363, 0.444, 0.445, 0.010,3.54,0.500, 0.010, 0.000, -30.830
23373, 0.451, 0.452, 0.009,4.01,0.500, 0.010, 0.000, -27.866
23384, 0.458, 0.459, 0.009,4.20,0.500, 0.010, 0.000, -26.820
23393, 0.464, 0.465, 0.010,4.04,0.500, 0.010, 0.000, -26.008
23403, 0.471, 0.472, 0.010,3.59,0.500, 0.010, 0.000, -33.294
23413, 0.469, 0.470, 0.010,3.03,0.500, 0.010, 0.000, 21.015
23424, 0.477, 0.478, 0.010,2.47,0.500, 0.010, 0.000, -41.873
23433, 0.480, 0.480, 0.011,2.00,0.500, 0.010, 0.000, -8.875
23443, 0.486, 0.487, 0.010,1.69,0.500, 0.010, 0.000, -35.956
23453, 0.493, 0.493, 0.010,1.52,0.500, 0.010, 0.000, -35.021
23463, 0.500, 0.500, 0.010,1.50,0.500, 0.010, 0.000, -42.167
23473, 0.504, 0.504, 0.009,1.58,0.500, 0.010, 0.000, -25.407
23483, 0.509, 0.509, 0.010,1.73,0.500, 0.010, 0.000, -35.606
23493, 0.507, 0.508, 0.009,1.90,0.500, 0.010, 0.000, 9.260
23503, 0.513, 0.513, 0.009,2.06,0.500, 0.010, 0.000, -38.556
23514, 0.519, 0.519, 0.010,2.15,0.500, 0.010, 0.000, -38.844
23523, 0.518, 0.518, 0.009,2.19,0.500, 0.010, 0.000, -1.454
23533, 0.517, 0.518, 0.009,2.17,0.500, 0.010, 0.000, -2.252
23543, 0.521, 0.521, 0.010,2.11,0.500, 0.010, 0.000, -25.693
23554, 0.525, 0.526, 0.010,2.08,0.500, 0.010, 0.000, -36.431
23563, 0.528, 0.528, 0.010,2.07,0.500, 0.010, 0.000, -22.960
23573, 0.531, 0.531, 0.011,2.10,0.500, 0.010, 0.000, -27.158
23583, 0.533, 0.534, 0.010,2.17,0.500, 0.010, 0.000, -23.534
23593, 0.538, 0.539, 0.011,2.30,0.500, 0.010, 0.000, -43.232
23603, 0.536, 0.537, 0.010,2.50,0.500, 0.010, 0.000, 1.305
23613, 0.536, 0.537, 0.010,2.76,0.500, 0.010, 0.000, -8.929
23623, 0.537, 0.538, 0.010,3.00,0.500, 0.010, 0.000, -16.913
23633, 0.539, 0.540, 0.011,3.26,0.500, 0.010, 0.000, -23.235
23643, 0.537, 0.537, 0.009,3.40,0.500, 0.010, 0.000, 1.822
23653, 0.536, 0.537, 0.010,3.40,0.500, 0.010, 0.000, -8.340
23663, 0.534, 0.534, 0.008,3.15,0.500, 0.010, 0.000, 6.065
23673, 0.530, 0.531, 0.009,2.66,0.500, 0.010, 0.000, 10.529
23684, 0.534, 0.534, 0.009,2.06,0.500, 0.010, 0.000, -31.425
23693, 0.535, 0.536, 0.010,1.46,0.500, 0.010, 0.000, -19.596
23703, 0.535, 0.536, 0.009,0.92,0.500, 0.010, 0.000, -10.101
23713, 0.536, 0.537, 0.009,0.49,0.500, 0.010, 0.000, -17.782
23724, 0.537, 0.537, 0.009,0.17,0.500, 0.010, 0.000, -16.277
23733, 0.533, 0.533, 0.009,-0.06,0.500, 0.010, 0.000, 15.064
23743, 0.531, 0.531, 0.009,-0.23,0.500, 0.010, 0.000, 2.133
23753, 0.531, 0.531, 0.008,-0.39,0.500, 0.010, 0.000, -7.879
23763, 0.531, 0.531, 0.009,-0.59,0.500, 0.010, 0.000, -8.187
23774, 0.531, 0.531, 0.009,-0.83,0.500, 0.010, 0.000, -8.404
23783, 0.531, 0.530, 0.009,-1.09,0.500, 0.010, 0.000, -8.583
23793, 0.529, 0.529, 0.010,-1.40,0.500, 0.010, 0.000, -1.091
23803, 0.526, 0.526, 0.009,-1.71,0.500, 0.010, 0.000, 12.235
23814, 0.525, 0.524, 0.009,-2.05,0.500, 0.010, 0.000, 0.551
23823, 0.521, 0.521, 0.008,-2.39,0.500, 0.010, 0.000, 14.028
23833, 0.520, 0.520, 0.009,-2.70,0.500, 0.010, 0.000, 2.015
23843, 0.520, 0.520, 0.009,-2.93,0.500, 0.010, 0.000, -7.204
23854, 0.525, 0.525, 0.009,-3.04,0.500, 0.010, 0.000, -37.175
23863, 0.522, 0.521, 0.009,-3.04,0.500, 0.010, 0.000, 14.541
23873, 0.520, 0.520, 0.009,-2.95,0.500, 0.010, 0.000, 2.431
23883, 0.519, 0.519, 0.009,-2.84,0.500, 0.010, 0.000, 0.591
23894, 0.519, 0.519, 0.009,-2.82,0.500, 0.010, 0.000, -8.278
23903, 0.519, 0.518, 0.009,-2.88,0.500, 0.010, 0.000, -0.223
23913, 0.518, 0.517, 0.009,-3.02,0.500, 0.010, 0.000, -1.292
23923, 0.516, 0.516, 0.009,-3.22,0.500, 0.010, 0.000, 5.424
23933, 0.513, 0.512, 0.010,-3.48,0.500, 0.010, 0.000, 18.178
23943, 0.511, 0.510, 0.009,-3.76,0.500, 0.010, 0.000, 6.004
23953, 0.511, 0.510, 0.009,-4.06,0.500, 0.010, 0.000, -3.458
23963, 0.511, 0.510, 0.009,-4.34,0.500, 0.010, 0.000, -3.424
23973, 0.507, 0.507, 0.010,-4.59,0.500, 0.010, 0.000, 19.509
23984, 0.507, 0.506, 0.009,-4.78,0.500, 0.010, 0.000, -0.469
23993, 0.508, 0.507, 0.009,-4.89,0.500, 0.010, 0.000, -8.347
24003, 0.509, 0.508, 0.010,-4.91,0.500, 0.010, 0.000, -7.148
24013, 0.513, 0.512, 0.010,-4.87,0.500, 0.010, 0.000, -28.753
24024, 0.506, 0.506, 0.010,-4.81,0.500, 0.010, 0.000, 37.170
24033, 0.509, 0.508, 0.010,-4.75,0.500, 0.010, 0.000, -16.701
24043, 0.505, 0.504, 0.009,-4.69,0.500, 0.010, 0.000, 24.218
24053, 0.500, 0.499, 0.010,-4.63,0.500, 0.010, 0.000, 26.049
24064, 0.503, 0.502, 0.010,-4.54,0.500, 0.010, 0.000, -17.129
24074, 0.500, 0.499, 0.011,-4.43,0.500, 0.010, 0.000, 16.565
24083, 0.500, 0.500, 0.010,-4.27,0.500, 0.010, 0.000, -2.154
24093, 0.503, 0.502, 0.010,-4.05,0.500, 0.010, 0.000, -16.902
24103, 0.504, 0.503, 0.010,-3.77,0.500, 0.010, 0.000, -5.901
24114, 0.501, 0.500, 0.011,-3.40,0.500, 0.010, 0.000, 17.747
24123, 0.497, 0.497, 0.011,-2.96,0.500, 0.010, 0.000, 21.615
24133, 0.497, 0.497, 0.010,-2.48,0.500, 0.010, 0.000, 1.951
24143, 0.497, 0.497, 0.011,-1.97,0.500, 0.010, 0.000, 1.718
24154, 0.495, 0.494, 0.009,-1.51,0.500, 0.010, 0.000, 16.657
24163, 0.494, 0.494, 0.010,-1.10,0.500, 0.010, 0.000, 5.910
24173, 0.495, 0.494, 0.010,-0.79,0.500, 0.010, 0.000, -2.528
24183, 0.495, 0.495, 0.010,-0.55,0.500, 0.010, 0.000, -1.667
24194, 0.496, 0.495, 0.010,-0.41,0.500, 0.010, 0.000, -0.959
24203, 0.489, 0.489, 0.010,-0.33,0.500, 0.010, 0.000, 44.993
24213, 0.489, 0.489, 0.010,-0.28,0.500, 0.010, 0.000, -1.783
24223, 0.490, 0.490, 0.008,-0.26,0.500, 0.010, 0.000, -0.742
24233, 0.489, 0.489, 0.009,-0.24,0.500, 0.010, 0.000, 7.576
24243, 0.490, 0.490, 0.009,-0.22,0.500, 0.010, 0.000, -0.865
24253, 0.492, 0.492, 0.009,-0.19,0.500, 0.010, 0.000, -7.619
24263, 0.489, 0.489, 0.008,-0.14,0.500, 0.010, 0.000, 17.225
24273, 0.492, 0.492, 0.008,-0.07,0.500, 0.010, 0.000, -16.022
24284, 0.493, 0.493, 0.008,0.01,0.500, 0.010, 0.000, -4.528
24293, 0.494, 0.494, 0.009,0.09,0.500, 0.010, 0.000, -3.148
24303, 0.496, 0.496, 0.009,0.16,0.500, 0.010, 0.000, -9.642
24313, 0.495, 0.495, 0.008,0.23,0.500, 0.010, 0.000, 7.763
24324, 0.488, 0.488, 0.010,0.28,0.500, 0.010, 0.000, 44.031
24333, 0.488, 0.488, 0.010,0.33,0.500, 0.010, 0.000, 5.364
24343, 0.488, 0.488, 0.010,0.36,0.500, 0.010, 0.000, 4.997
24353, 0.488, 0.488, 0.009,0.38,0.500, 0.010, 0.000, 4.708
24364, 0.491, 0.491, 0.008,0.40,0.500, 0.010, 0.000, -18.103
24373, 0.492, 0.493, 0.009,0.43,0.500, 0.010, 0.000, -6.221
24383, 0.491, 0.491, 0.009,0.47,0.500, 0.010, 0.000, 10.681
24393, 0.488, 0.488, 0.009,0.51,0.500, 0.010, 0.000, 24.197
24403, 0.486, 0.486, 0.008,0.55,0.500, 0.010, 0.000, 12.188
24413, 0.487, 0.487, 0.009,0.55,0.500, 0.010, 0.000, 2.933
24423, 0.488, 0.488, 0.009,0.50,0.500, 0.010, 0.000, -4.441
24433, 0.488, 0.488, 0.009,0.38,0.500, 0.010, 0.000, 4.883
24443, 0.488, 0.488, 0.009,0.18,0.500, 0.010, 0.000, 4.627
24454, 0.484, 0.484, 0.009,-0.07,0.500, 0.010, 0.000, 27.141
24463, 0.485, 0.485, 0.009,-0.37,0.500, 0.010, 0.000, -0.283
24473, 0.482, 0.482, 0.009,-0.72,0.500, 0.010, 0.000, 23.411
24483, 0.479, 0.479, 0.009,-1.11,0.500, 0.010, 0.000, 19.570
24494, 0.481, 0.481, 0.010,-1.54,0.500, 0.010, 0.000, -5.951
24503, 0.480, 0.480, 0.010,-2.00,0.500, 0.010, 0.000, 11.641
24513, 0.482, 0.482, 0.010,-2.45,0.500, 0.010, 0.000, -4.694
24523, 0.482, 0.482, 0.010,-2.86,0.500, 0.010, 0.000, 5.020
24534, 0.486, 0.485, 0.010,-3.20,0.500, 0.010, 0.000, -17.657
24543, 0.485, 0.484, 0.010,-3.48,0.500, 0.010, 0.000, 9.741
24553, 0.485, 0.485, 0.009,-3.67,0.500, 0.010, 0.000, 1.064
24563, 0.480, 0.479, 0.009,-3.81,0.500, 0.010, 0.000, 39.731
24573, 0.482, 0.481, 0.010,-3.88,0.500, 0.010, 0.000, -5.352
24584, 0.487, 0.486, 0.008,-3.89,0.500, 0.010, 0.000, -25.636
24593, 0.489, 0.489, 0.009,-3.84,0.500, 0.010, 0.000, -11.868
24603, 0.490, 0.489, 0.009,-3.71,0.500, 0.010, 0.000, -1.101
24613, 0.489, 0.489, 0.009,-3.51,0.500, 0.010, 0.000, 7.360
24624, 0.489, 0.488, 0.009,-3.26,0.500, 0.010, 0.000, 6.445
24633, 0.488, 0.488, 0.010,-2.96,0.500, 0.010, 0.000, 5.839
24643, 0.488, 0.487, 0.010,-2.64,0.500, 0.010, 0.000, 5.311
24653, 0.488, 0.487, 0.010,-2.28,0.500, 0.010, 0.000, 4.958
24664, 0.483, 0.482, 0.010,-1.88,0.500, 0.010, 0.000, 35.128
24673, 0.484, 0.484, 0.010,-1.45,0.500, 0.010, 0.000, -1.651
24683, 0.487, 0.487, 0.010,-0.99,0.500, 0.010, 0.000, -15.400
24693, 0.489, 0.489, 0.009,-0.52,0.500, 0.010, 0.000, -11.369
24704, 0.488, 0.488, 0.009,-0.08,0.500, 0.010, 0.000, 14.385
24713, 0.491, 0.491, 0.010,0.30,0.500, 0.010, 0.000, -18.137
24723, 0.493, 0.493, 0.009,0.56,0.500, 0.010, 0.000, -6.102
24733, 0.494, 0.494, 0.009,0.67,0.500, 0.010, 0.000, -4.313
24743, 0.494, 0.494, 0.008,0.64,0.500, 0.010, 0.000, -2.983
24754, 0.495, 0.495, 0.009,0.50,0.500, 0.010, 0.000, -1.992
24763, 0.494, 0.494, 0.008,0.27,0.500, 0.010, 0.000, 6.316
24773, 0.494, 0.494, 0.007,0.02,0.500, 0.010, 0.000, 5.342
24783, 0.490, 0.490, 0.007,-0.20,0.500, 0.010, 0.000, 27.281
24794, 0.490, 0.490, 0.008,-0.34,0.500, 0.010, 0.000, -0.526
24803, 0.491, 0.491, 0.008,-0.34,0.500, 0.010, 0.000, 0.219
24813, 0.492, 0.492, 0.007,-0.17,0.500, 0.010, 0.000, -6.760
24823, 0.490, 0.490, 0.008,0.17,0.500, 0.010, 0.000, 17.870
24834, 0.494, 0.494, 0.008,0.66,0.500, 0.010, 0.000, -22.877
24843, 0.493, 0.493, 0.008,1.28,0.500, 0.010, 0.000, 4.839
24853, 0.494, 0.494, 0.008,1.98,0.500, 0.010, 0.000, -3.328
24863, 0.496, 0.496, 0.008,2.66,0.500, 0.010, 0.000, -9.817
24873, 0.497, 0.498, 0.009,3.22,0.500, 0.010, 0.000, -7.484
24884, 0.498, 0.499, 0.008,3.55,0.500, 0.010, 0.000, -5.727
24893, 0.499, 0.500, 0.007,3.67,0.500, 0.010, 0.000, -4.399
24903, 0.500, 0.500, 0.008,3.62,0.500, 0.010, 0.000, -3.375
24913, 0.500, 0.501, 0.009,3.42,0.500, 0.010, 0.000, -2.678
24924, 0.496, 0.496, 0.009,3.13,0.500, 0.010, 0.000, 28.166
24933, 0.498, 0.499, 0.009,2.76,0.500, 0.010, 0.000, -15.408
24943, 0.500, 0.501, 0.008,2.39,0.500, 0.010, 0.000, -12.066
24953, 0.502, 0.502, 0.008,2.06,0.500, 0.010, 0.000, -9.432
24964, 0.503, 0.503, 0.008,1.82,0.500, 0.010, 0.000, -7.543
24973, 0.498, 0.498, 0.008,1.68,0.500, 0.010, 0.000, 31.799
24983, 0.501, 0.501, 0.009,1.63,0.500, 0.010, 0.000, -20.240
24993, 0.499, 0.499, 0.009,1.66,0.500, 0.010, 0.000, 14.192
25004, 0.492, 0.493, 0.010,1.75,0.500, 0.010, 0.000, 41.655
25013, 0.493, 0.494, 0.010,1.91,0.500, 0.010, 0.000, -4.675
25023, 0.495, 0.496, 0.010,2.12,0.500, 0.010, 0.000, -10.863
25033, 0.496, 0.496, 0.011,2.38,0.500, 0.010, 0.000, -0.705
25043, 0.497, 0.498, 0.011,2.67,0.500, 0.010, 0.000, -7.837
25054, 0.498, 0.499, 0.009,2.96,0.500, 0.010, 0.000, -5.998
25063, 0.498, 0.498, 0.009,3.21,0.500, 0.010, 0.000, 2.963
25073, 0.500, 0.500, 0.008,3.37,0.500, 0.010, 0.000, -12.532
25083, 0.500, 0.501, 0.008,3.41,0.500, 0.010, 0.000, -2.438
25094, 0.499, 0.500, 0.008,3.33,0.500, 0.010, 0.000, 5.628
25103, 0.498, 0.498, 0.009,3.13,0.500, 0.010, 0.000, 12.034
25113, 0.495, 0.495, 0.010,2.84,0.500, 0.010, 0.000, 17.206
25123, 0.492, 0.492, 0.009,2.50,0.500, 0.010, 0.000, 21.443
25134, 0.491, 0.491, 0.009,2.14,0.500, 0.010, 0.000, 9.828
25143, 0.491, 0.491, 0.010,1.80,0.500, 0.010, 0.000, 0.771
25153, 0.490, 0.490, 0.010,1.53,0.500, 0.010, 0.000, 8.736
25163, 0.489, 0.489, 0.009,1.32,0.500, 0.010, 0.000, 7.527
25174, 0.490, 0.490, 0.009,1.20,0.500, 0.010, 0.000, -0.942
25183, 0.488, 0.488, 0.009,1.13,0.500, 0.010, 0.000, 15.019
25193, 0.489, 0.489, 0.010,1.09,0.500, 0.010, 0.000, -2.525
25203, 0.492, 0.492, 0.010,1.04,0.500, 0.010, 0.000, -16.421
25213, 0.493, 0.493, 0.010,0.93,0.500, 0.010, 0.000, -4.870
25224, 0.495, 0.495, 0.010,0.76,0.500, 0.010, 0.000, -10.961
25233, 0.497, 0.497, 0.009,0.51,0.500, 0.010, 0.000, -8.276
25243, 0.494, 0.494, 0.008,0.17,0.500, 0.010, 0.000, 16.401
25253, 0.494, 0.494, 0.009,-0.26,0.500, 0.010, 0.000, 5.603
25264, 0.493, 0.493, 0.009,-0.78,0.500, 0.010, 0.000, 4.845
25273, 0.494, 0.494, 0.009,-1.26,0.500, 0.010, 0.000, -3.304
25283, 0.495, 0.495, 0.009,-1.67,0.500, 0.010, 0.000, -2.245
25293, 0.495, 0.495, 0.008,-1.88,0.500, 0.010, 0.000, -1.468
25304, 0.496, 0.495, 0.009,-1.86,0.500, 0.010, 0.000, -0.823
25313, 0.496, 0.496, 0.009,-1.61,0.500, 0.010, 0.000, -0.389
25323, 0.494, 0.493, 0.010,-1.24,0.500, 0.010, 0.000, 15.017
25333, 0.493, 0.493, 0.010,-0.79,0.500, 0.010, 0.000, 4.749
25344, 0.494, 0.494, 0.010,-0.35,0.500, 0.010, 0.000, -3.366
25353, 0.495, 0.495, 0.010,0.04,0.500, 0.010, 0.000, -2.335
25363, 0.495, 0.495, 0.010,0.34,0.500, 0.010, 0.000, -1.502
25373, 0.492, 0.492, 0.010,0.52,0.500, 0.010, 0.000, 21.695
25383, 0.494, 0.495, 0.010,0.58,0.500, 0.010, 0.000, -12.596
25393, 0.495, 0.495, 0.011,0.50,0.500, 0.010, 0.000, -1.907
25403, 0.491, 0.491, 0.010,0.28,0.500, 0.010, 0.000, 29.125
25413, 0.492, 0.492, 0.010,-0.04,0.500, 0.010, 0.000, -6.821
25423, 0.491, 0.491, 0.010,-0.45,0.500, 0.010, 0.000, 10.233
25434, 0.492, 0.492, 0.011,-0.88,0.500, 0.010, 0.000, -6.481
25443, 0.491, 0.491, 0.012,-1.28,0.500, 0.010, 0.000, 10.504
25453, 0.492, 0.492, 0.011,-1.61,0.500, 0.010, 0.000, -6.264
25463, 0.494, 0.493, 0.010,-1.85,0.500, 0.010, 0.000, -4.444
25474, 0.492, 0.492, 0.010,-1.97,0.500, 0.010, 0.000, 12.003
25483, 0.492, 0.492, 0.010,-1.95,0.500, 0.010, 0.000, 2.462
25493, 0.491, 0.490, 0.010,-1.79,0.500, 0.010, 0.000, 9.986
25503, 0.492, 0.492, 0.010,-1.48,0.500, 0.010, 0.000, -6.654
25513, 0.495, 0.494, 0.010,-1.04,0.500, 0.010, 0.000, -12.163
25523, 0.491, 0.491, 0.010,-0.49,0.500, 0.010, 0.000, 20.957
25533, 0.495, 0.495, 0.010,0.13,0.500, 0.010, 0.000, -20.884
25543, 0.498, 0.498, 0.011,0.73,0.500, 0.010, 0.000, -16.133
25553, 0.498, 0.498, 0.011,1.22,0.500, 0.010, 0.000, 2.585
25564, 0.496, 0.497, 0.011,1.56,0.500, 0.010, 0.000, 9.844
25573, 0.496, 0.497, 0.010,1.72,0.500, 0.010, 0.000, 0.355
25583, 0.496, 0.497, 0.010,1.77,0.500, 0.010, 0.000, 0.513
25593, 0.495, 0.496, 0.010,1.74,0.500, 0.010, 0.000, 8.161
25604, 0.496, 0.496, 0.010,1.68,0.500, 0.010, 0.000, -0.807
25613, 0.496, 0.496, 0.010,1.61,0.500, 0.010, 0.000, -0.348
25623, 0.494, 0.494, 0.010,1.58,0.500, 0.010, 0.000, 15.147
25633, 0.494, 0.495, 0.010,1.60,0.500, 0.010, 0.000, -2.842
25644, 0.496, 0.496, 0.009,1.69,0.500, 0.010, 0.000, -9.432
25653, 0.500, 0.500, 0.009,1.81,0.500, 0.010, 0.000, -22.334
25663, 0.496, 0.496, 0.010,1.95,0.500, 0.010, 0.000, 27.881
25673, 0.496, 0.496, 0.010,2.07,0.500, 0.010, 0.000, -0.523
25683, 0.496, 0.496, 0.010,2.16,0.500, 0.010, 0.000, -0.130
25694, 0.496, 0.497, 0.009,2.18,0.500, 0.010, 0.000, 0.128
25703, 0.498, 0.498, 0.009,2.13,0.500, 0.010, 0.000, -7.195
25713, 0.496, 0.496, 0.010,2.01,0.500, 0.010, 0.000, 9.626
25723, 0.499, 0.499, 0.010,1.82,0.500, 0.010, 0.000, -14.782
25733, 0.490, 0.490, 0.011,1.59,0.500, 0.010, 0.000, 56.221
25743, 0.494, 0.494, 0.012,1.31,0.500, 0.010, 0.000, -23.025
25753, 0.496, 0.496, 0.011,1.03,0.500, 0.010, 0.000, -10.146
25763, 0.495, 0.495, 0.011,0.75,0.500, 0.010, 0.000, 7.404
25774, 0.495, 0.495, 0.011,0.49,0.500, 0.010, 0.000, -1.377
25783, 0.496, 0.496, 0.009,0.26,0.500, 0.010, 0.000, -0.787
25793, 0.497, 0.497, 0.010,0.08,0.500, 0.010, 0.000, -7.850
25803, 0.496, 0.496, 0.010,-0.04,0.500, 0.010, 0.000, 9.127
25814, 0.494, 0.494, 0.010,-0.11,0.500, 0.010, 0.000, 14.892
25823, 0.497, 0.497, 0.010,-0.12,0.500, 0.010, 0.000, -18.081
25833, 0.498, 0.498, 0.010,-0.08,0.500, 0.010, 0.000, -6.425
25843, 0.496, 0.496, 0.010,0.01,0.500, 0.010, 0.000, 10.238
25853, 0.498, 0.498, 0.010,0.10,0.500, 0.010, 0.000, -6.843
25864, 0.499, 0.499, 0.010,0.20,0.500, 0.010, 0.000, -5.308
25873, 0.499, 0.499, 0.010,0.26,0.500, 0.010, 0.000, -4.045
25883, 0.499, 0.499, 0.010,0.25,0.500, 0.010, 0.000, 4.400
25893, 0.498, 0.498, 0.010,0.16,0.500, 0.010, 0.000, 3.529
25904, 0.498, 0.498, 0.010,-0.02,0.500, 0.010, 0.000, 2.907
25913, 0.495, 0.495, 0.010,-0.29,0.500, 0.010, 0.000, 17.498
25923, 0.493, 0.493, 0.011,-0.64,0.500, 0.010, 0.000, 14.222
25933, 0.494, 0.494, 0.011,-1.05,0.500, 0.010, 0.000, -3.539
25944, 0.496, 0.496, 0.011,-1.48,0.500, 0.010, 0.000, -10.045
25953, 0.498, 0.498, 0.011,-1.91,0.500, 0.010, 0.000, -15.090
25963, 0.500, 0.500, 0.011,-2.30,0.500, 0.010, 0.000, -11.944
25973, 0.501, 0.500, 0.011,-2.63,0.500, 0.010, 0.000, -1.781
25984, 0.501, 0.500, 0.009,-2.89,0.500, 0.010, 0.000, -1.442
25994, 0.505, 0.504, 0.009,-3.08,0.500, 0.010, 0.000, -24.111
26003, 0.505, 0.505, 0.010,-3.18,0.500, 0.010, 0.000, -3.925
26013, 0.504, 0.504, 0.010,-3.19,0.500, 0.010, 0.000, 4.129
26023, 0.504, 0.503, 0.011,-3.09,0.500, 0.010, 0.000, 3.005
26034, 0.501, 0.500, 0.010,-2.87,0.500, 0.010, 0.000, 17.132
26043, 0.501, 0.500, 0.010,-2.49,0.500, 0.010, 0.000, -1.567
26053, 0.496, 0.496, 0.009,-2.00,0.500, 0.010, 0.000, 28.802
26063, 0.494, 0.494, 0.009,-1.40,0.500, 0.010, 0.000, 15.511
26074, 0.497, 0.497, 0.010,-0.71,0.500, 0.010, 0.000, -17.724
26083, 0.493, 0.493, 0.010,0.02,0.500, 0.010, 0.000, 24.123
