26963, 0.036, 0.036, 0.010,-0.04,0.500, 0.010, 0.000, 1773.252
26974, 0.037, 0.037, 0.011,-0.05,0.500, 0.010, 0.000, 30.645
26983, 0.038, 0.038, 0.010,-0.06,0.500, 0.010, 0.000, 31.623
26993, 0.035, 0.035, 0.010,-0.06,0.500, 0.010, 0.000, 46.120
27003, 0.035, 0.035, 0.011,-0.06,0.500, 0.010, 0.000, 34.267
27013, 0.039, 0.039, 0.012,-0.06,0.500, 0.010, 0.000, 20.593
27023, 0.042, 0.042, 0.012,-0.07,0.500, 0.010, 0.000, 23.891
27033, 0.044, 0.044, 0.012,-0.08,0.500, 0.010, 0.000, 26.354
27043, 0.041, 0.041, 0.012,-0.12,0.500, 0.010, 0.000, 46.586
27054, 0.042, 0.042, 0.012,-0.21,0.500, 0.010, 0.000, 29.945
27063, 0.048, 0.048, 0.013,-0.36,0.500, 0.010, 0.000, 12.597
27073, 0.047, 0.047, 0.013,-0.60,0.500, 0.010, 0.000, 35.998
27083, 0.054, 0.054, 0.013,-0.94,0.500, 0.010, 0.000, 8.196
27094, 0.054, 0.054, 0.013,-1.41,0.500, 0.010, 0.000, 32.275
27103, 0.056, 0.055, 0.013,-1.99,0.500, 0.010, 0.000, 27.945
27113, 0.062, 0.061, 0.013,-2.57,0.500, 0.010, 0.000, 10.762
27123, 0.064, 0.063, 0.012,-3.06,0.500, 0.010, 0.000, 25.231
27133, 0.070, 0.069, 0.013,-3.36,0.500, 0.010, 0.000, 8.806
27144, 0.075, 0.074, 0.013,-3.45,0.500, 0.010, 0.000, 14.084
27153, 0.073, 0.073, 0.013,-3.32,0.500, 0.010, 0.000, 36.688
27163, 0.077, 0.076, 0.013,-3.04,0.500, 0.010, 0.000, 17.156
27173, 0.080, 0.079, 0.012,-2.68,0.500, 0.010, 0.000, 20.716
27183, 0.085, 0.084, 0.012,-2.32,0.500, 0.010, 0.000, 14.097
27193, 0.089, 0.089, 0.012,-1.98,0.500, 0.010, 0.000, 13.347
27203, 0.089, 0.089, 0.012,-1.73,0.500, 0.010, 0.000, 31.313
27213, 0.094, 0.094, 0.011,-1.58,0.500, 0.010, 0.000, 12.748
27224, 0.100, 0.099, 0.012,-1.52,0.500, 0.010, 0.000, 7.721
27233, 0.109, 0.109, 0.012,-1.54,0.500, 0.010, 0.000, -5.022
27243, 0.116, 0.116, 0.012,-1.60,0.500, 0.010, 0.000, 2.711
27253, 0.121, 0.121, 0.011,-1.70,0.500, 0.010, 0.000, 8.860
27264, 0.121, 0.121, 0.011,-1.81,0.500, 0.010, 0.000, 27.271
27273, 0.131, 0.131, 0.011,-1.93,0.500, 0.010, 0.000, -8.956
27283, 0.136, 0.136, 0.010,-2.02,0.500, 0.010, 0.000, 8.518
27293, 0.141, 0.141, 0.011,-2.10,0.500, 0.010, 0.000, 8.543
27303, 0.148, 0.148, 0.011,-2.13,0.500, 0.010, 0.000, -1.128
27314, 0.153, 0.152, 0.010,-2.16,0.500, 0.010, 0.000, 9.966
27323, 0.163, 0.163, 0.011,-2.14,0.500, 0.010, 0.000, -13.509
27333, 0.172, 0.172, 0.011,-2.09,0.500, 0.010, 0.000, -9.409
27343, 0.179, 0.178, 0.012,-2.01,0.500, 0.010, 0.000, -1.083
27354, 0.185, 0.185, 0.012,-1.88,0.500, 0.010, 0.000, -0.027
27363, 0.192, 0.192, 0.012,-1.73,0.500, 0.010, 0.000, -3.489
27373, 0.198, 0.197, 0.012,-1.54,0.500, 0.010, 0.000, 2.723
27383, 0.204, 0.204, 0.012,-1.34,0.500, 0.010, 0.000, -1.751
27394, 0.212, 0.212, 0.011,-1.11,0.500, 0.010, 0.000, -9.867
27403, 0.216, 0.216, 0.010,-0.86,0.500, 0.010, 0.000, 6.664
27413, 0.225, 0.225, 0.011,-0.57,0.500, 0.010, 0.000, -12.850
27423, 0.232, 0.232, 0.011,-0.22,0.500, 0.010, 0.000, -5.032
27433, 0.233, 0.233, 0.011,0.17,0.500, 0.010, 0.000, 14.693
27443, 0.242, 0.242, 0.012,0.59,0.500, 0.010, 0.000, -11.579
27453, 0.248, 0.248, 0.010,1.05,0.500, 0.010, 0.000, -4.336
27463, 0.254, 0.254, 0.011,1.55,0.500, 0.010, 0.000, -3.446
27473, 0.259, 0.260, 0.011,2.09,0.500, 0.010, 0.000, -2.870
27484, 0.267, 0.267, 0.010,2.66,0.500, 0.010, 0.000, -11.751
27493, 0.275, 0.276, 0.010,3.25,0.500, 0.010, 0.000, -14.157
27503, 0.279, 0.280, 0.010,3.80,0.500, 0.010, 0.000, 2.529
27513, 0.284, 0.285, 0.010,4.30,0.500, 0.010, 0.000, -3.477
27524, 0.288, 0.289, 0.010,4.63,0.500, 0.010, 0.000, 1.122
27533, 0.291, 0.292, 0.009,4.79,0.500, 0.010, 0.000, 4.638
27543, 0.296, 0.296, 0.009,4.78,0.500, 0.010, 0.000, -1.939
27553, 0.300, 0.301, 0.009,4.65,0.500, 0.010, 0.000, -2.504
27564, 0.309, 0.309, 0.009,4.47,0.500, 0.010, 0.000, -16.754
27573, 0.310, 0.311, 0.010,4.31,0.500, 0.010, 0.000, 8.971
27583, 0.314, 0.314, 0.011,4.16,0.500, 0.010, 0.000, 1.011
27593, 0.316, 0.317, 0.011,4.05,0.500, 0.010, 0.000, 3.961
27603, 0.320, 0.321, 0.012,3.99,0.500, 0.010, 0.000, -2.826
27614, 0.325, 0.326, 0.012,3.95,0.500, 0.010, 0.000, -3.587
27623, 0.329, 0.330, 0.012,3.91,0.500, 0.010, 0.000, -4.081
27633, 0.334, 0.335, 0.011,3.86,0.500, 0.010, 0.000, -4.889
27643, 0.338, 0.338, 0.009,3.77,0.500, 0.010, 0.000, -0.819
27654, 0.338, 0.338, 0.009,3.63,0.500, 0.010, 0.000, 11.436
27663, 0.343, 0.343, 0.010,3.41,0.500, 0.010, 0.000, -6.796
27673, 0.345, 0.346, 0.010,3.12,0.500, 0.010, 0.000, 2.267
27683, 0.352, 0.352, 0.011,2.74,0.500, 0.010, 0.000, -14.046
27694, 0.353, 0.354, 0.010,2.31,0.500, 0.010, 0.000, 5.698
27703, 0.358, 0.358, 0.010,1.86,0.500, 0.010, 0.000, -6.678
27713, 0.363, 0.363, 0.010,1.45,0.500, 0.010, 0.000, -7.388
27723, 0.367, 0.367, 0.010,1.07,0.500, 0.010, 0.000, -7.631
27734, 0.371, 0.371, 0.010,0.69,0.500, 0.010, 0.000, -3.682
27743, 0.375, 0.375, 0.010,0.38,0.500, 0.010, 0.000, -5.124
27753, 0.378, 0.378, 0.011,0.07,0.500, 0.010, 0.000, -1.571
27763, 0.382, 0.382, 0.011,-0.17,0.500, 0.010, 0.000, -8.377
27773, 0.386, 0.386, 0.011,-0.35,0.500, 0.010, 0.000, -4.189
27783, 0.388, 0.388, 0.011,-0.47,0.500, 0.010, 0.000, -1.312
27793, 0.389, 0.389, 0.011,-0.53,0.500, 0.010, 0.000, 5.628
27803, 0.389, 0.389, 0.011,-0.52,0.500, 0.010, 0.000, 6.234
27813, 0.393, 0.393, 0.011,-0.46,0.500, 0.010, 0.000, -7.120
27824, 0.396, 0.396, 0.012,-0.39,0.500, 0.010, 0.000, -3.423
27833, 0.396, 0.396, 0.012,-0.27,0.500, 0.010, 0.000, 8.320
27843, 0.402, 0.402, 0.012,-0.13,0.500, 0.010, 0.000, -14.625
27853, 0.405, 0.405, 0.012,0.05,0.500, 0.010, 0.000, -5.047
27864, 0.408, 0.408, 0.011,0.24,0.500, 0.010, 0.000, -2.146
27873, 0.410, 0.410, 0.011,0.42,0.500, 0.010, 0.000, -0.028
27883, 0.412, 0.412, 0.011,0.57,0.500, 0.010, 0.000, -2.984
27893, 0.412, 0.412, 0.011,0.69,0.500, 0.010, 0.000, 8.410
27904, 0.411, 0.412, 0.012,0.77,0.500, 0.010, 0.000, 7.986
27913, 0.412, 0.412, 0.012,0.81,0.500, 0.010, 0.000, 3.050
27923, 0.414, 0.414, 0.012,0.80,0.500, 0.010, 0.000, -0.662
27933, 0.417, 0.417, 0.011,0.73,0.500, 0.010, 0.000, -3.585
27943, 0.420, 0.420, 0.010,0.64,0.500, 0.010, 0.000, -5.896
27954, 0.422, 0.422, 0.010,0.53,0.500, 0.010, 0.000, -3.091
27963, 0.424, 0.424, 0.010,0.41,0.500, 0.010, 0.000, -0.991
27973, 0.425, 0.426, 0.011,0.32,0.500, 0.010, 0.000, 0.585
27983, 0.428, 0.428, 0.011,0.28,0.500, 0.010, 0.000, -2.820
27994, 0.429, 0.429, 0.011,0.33,0.500, 0.010, 0.000, -0.898
28003, 0.432, 0.432, 0.011,0.47,0.500, 0.010, 0.000, -4.032
28013, 0.434, 0.434, 0.011,0.70,0.500, 0.010, 0.000, -1.878
28023, 0.434, 0.434, 0.011,1.02,0.500, 0.010, 0.000, 4.320
28034, 0.439, 0.439, 0.010,1.41,0.500, 0.010, 0.000, -13.866
28043, 0.442, 0.443, 0.011,1.85,0.500, 0.010, 0.000, -9.575
28053, 0.436, 0.436, 0.011,2.31,0.500, 0.010, 0.000, 30.420
28063, 0.440, 0.441, 0.012,2.77,0.500, 0.010, 0.000, -12.298
28073, 0.440, 0.440, 0.012,3.19,0.500, 0.010, 0.000, 5.419
28083, 0.442, 0.443, 0.010,3.56,0.500, 0.010, 0.000, -3.970
28093, 0.445, 0.446, 0.011,3.85,0.500, 0.010, 0.000, -6.627
28103, 0.440, 0.441, 0.011,4.05,0.500, 0.010, 0.000, 23.487
28113, 0.440, 0.440, 0.011,4.16,0.500, 0.010, 0.000, 5.229
28124, 0.446, 0.446, 0.011,4.19,0.500, 0.010, 0.000, -17.873
28133, 0.450, 0.451, 0.012,4.14,0.500, 0.010, 0.000, -12.756
28143, 0.454, 0.455, 0.012,4.04,0.500, 0.010, 0.000, -13.291
28153, 0.457, 0.457, 0.012,3.88,0.500, 0.010, 0.000, -4.938
28164, 0.458, 0.459, 0.012,3.68,0.500, 0.010, 0.000, -3.000
28173, 0.459, 0.460, 0.012,3.46,0.500, 0.010, 0.000, -1.559
28183, 0.460, 0.461, 0.012,3.22,0.500, 0.010, 0.000, -0.469
28193, 0.460, 0.460, 0.012,2.96,0.500, 0.010, 0.000, 4.938
28204, 0.459, 0.460, 0.012,2.72,0.500, 0.010, 0.000, 4.469
28213, 0.460, 0.461, 0.011,2.51,0.500, 0.010, 0.000, -0.456
28223, 0.459, 0.459, 0.011,2.34,0.500, 0.010, 0.000, 9.563
28233, 0.460, 0.460, 0.011,2.22,0.500, 0.010, 0.000, -1.131
28243, 0.461, 0.461, 0.010,2.13,0.500, 0.010, 0.000, -0.184
28253, 0.462, 0.463, 0.011,2.06,0.500, 0.010, 0.000, -4.027
28263, 0.460, 0.461, 0.011,1.99,0.500, 0.010, 0.000, 11.341
28273, 0.463, 0.464, 0.010,1.91,0.500, 0.010, 0.000, -8.971
28283, 0.466, 0.466, 0.011,1.78,0.500, 0.010, 0.000, -6.235
28293, 0.465, 0.465, 0.010,1.58,0.500, 0.010, 0.000, 5.025
28303, 0.467, 0.467, 0.011,1.28,0.500, 0.010, 0.000, -4.712
28313, 0.468, 0.469, 0.011,0.88,0.500, 0.010, 0.000, -3.028
28323, 0.466, 0.466, 0.011,0.37,0.500, 0.010, 0.000, 12.019
28334, 0.466, 0.466, 0.011,-0.23,0.500, 0.010, 0.000, 0.599
28343, 0.467, 0.467, 0.011,-0.91,0.500, 0.010, 0.000, 1.053
28353, 0.468, 0.468, 0.011,-1.62,0.500, 0.010, 0.000, -3.153
28363, 0.471, 0.470, 0.011,-2.33,0.500, 0.010, 0.000, -6.526
28374, 0.473, 0.473, 0.011,-2.99,0.500, 0.010, 0.000, -8.960
28383, 0.472, 0.471, 0.009,-3.57,0.500, 0.010, 0.000, 7.357
28393, 0.472, 0.472, 0.010,-4.03,0.500, 0.010, 0.000, 1.499
28403, 0.474, 0.473, 0.010,-4.38,0.500, 0.010, 0.000, -2.984
28413, 0.475, 0.474, 0.011,-4.59,0.500, 0.010, 0.000, -1.778
28424, 0.476, 0.476, 0.011,-4.67,0.500, 0.010, 0.000, -5.553
28433, 0.474, 0.473, 0.011,-4.62,0.500, 0.010, 0.000, 9.939
28443, 0.476, 0.475, 0.011,-4.43,0.500, 0.010, 0.000, -5.707
28453, 0.473, 0.472, 0.011,-4.16,0.500, 0.010, 0.000, 14.380
28464, 0.478, 0.477, 0.011,-3.81,0.500, 0.010, 0.000, -16.117
28473, 0.484, 0.483, 0.011,-3.45,0.500, 0.010, 0.000, -20.943
28483, 0.482, 0.482, 0.011,-3.10,0.500, 0.010, 0.000, 7.135
28493, 0.480, 0.479, 0.011,-2.79,0.500, 0.010, 0.000, 10.439
28504, 0.480, 0.480, 0.011,-2.56,0.500, 0.010, 0.000, -0.885
28513, 0.481, 0.480, 0.010,-2.44,0.500, 0.010, 0.000, -0.334
28523, 0.482, 0.482, 0.010,-2.43,0.500, 0.010, 0.000, -4.541
28533, 0.480, 0.480, 0.011,-2.52,0.500, 0.010, 0.000, 10.597
28544, 0.479, 0.479, 0.011,-2.69,0.500, 0.010, 0.000, 3.918
28553, 0.481, 0.481, 0.011,-2.91,0.500, 0.010, 0.000, -5.795
28563, 0.484, 0.483, 0.011,-3.17,0.500, 0.010, 0.000, -8.794
28573, 0.487, 0.486, 0.011,-3.44,0.500, 0.010, 0.000, -10.930
28583, 0.490, 0.489, 0.011,-3.70,0.500, 0.010, 0.000, -8.146
28594, 0.486, 0.486, 0.012,-3.90,0.500, 0.010, 0.000, 12.370
28603, 0.490, 0.489, 0.012,-4.03,0.500, 0.010, 0.000, -13.270
28613, 0.492, 0.491, 0.012,-4.07,0.500, 0.010, 0.000, -5.436
28623, 0.492, 0.491, 0.012,-4.02,0.500, 0.010, 0.000, 0.553
28634, 0.492, 0.491, 0.012,-3.87,0.500, 0.010, 0.000, 0.567
28643, 0.491, 0.490, 0.012,-3.60,0.500, 0.010, 0.000, 5.194
28653, 0.490, 0.489, 0.012,-3.22,0.500, 0.010, 0.000, 4.090
28663, 0.490, 0.490, 0.012,-2.72,0.500, 0.010, 0.000, -1.271
28674, 0.491, 0.490, 0.012,-2.15,0.500, 0.010, 0.000, -0.793
28683, 0.489, 0.488, 0.012,-1.52,0.500, 0.010, 0.000, 8.754
28693, 0.489, 0.489, 0.012,-0.86,0.500, 0.010, 0.000, -2.267
28703, 0.491, 0.491, 0.012,-0.17,0.500, 0.010, 0.000, -6.185
28713, 0.494, 0.494, 0.012,0.48,0.500, 0.010, 0.000, -9.162
28723, 0.491, 0.491, 0.012,1.01,0.500, 0.010, 0.000, 11.478
28733, 0.490, 0.490, 0.011,1.41,0.500, 0.010, 0.000, 4.345
28743, 0.492, 0.492, 0.011,1.62,0.500, 0.010, 0.000, -5.674
28753, 0.492, 0.492, 0.011,1.64,0.500, 0.010, 0.000, 0.390
28763, 0.493, 0.493, 0.011,1.49,0.500, 0.010, 0.000, -4.138
28773, 0.495, 0.495, 0.011,1.23,0.500, 0.010, 0.000, -7.646
28783, 0.494, 0.494, 0.010,0.89,0.500, 0.010, 0.000, 3.424
28793, 0.496, 0.496, 0.010,0.54,0.500, 0.010, 0.000, -6.456
28804, 0.494, 0.494, 0.010,0.19,0.500, 0.010, 0.000, 8.899
28813, 0.497, 0.497, 0.009,-0.09,0.500, 0.010, 0.000, -11.500
28823, 0.495, 0.494, 0.010,-0.29,0.500, 0.010, 0.000, 9.641
28833, 0.497, 0.497, 0.010,-0.38,0.500, 0.010, 0.000, -10.907
28844, 0.498, 0.498, 0.010,-0.33,0.500, 0.010, 0.000, -3.653
28853, 0.498, 0.498, 0.011,-0.15,0.500, 0.010, 0.000, 1.805
28863, 0.496, 0.497, 0.011,0.13,0.500, 0.010, 0.000, 6.035
28873, 0.495, 0.495, 0.011,0.50,0.500, 0.010, 0.000, 4.670
28883, 0.497, 0.497, 0.011,0.95,0.500, 0.010, 0.000, -5.492
28893, 0.498, 0.498, 0.011,1.42,0.500, 0.010, 0.000, -4.198
28903, 0.500, 0.500, 0.011,1.88,0.500, 0.010, 0.000, -7.761
28913, 0.502, 0.502, 0.011,2.30,0.500, 0.010, 0.000, -5.939
28923, 0.503, 0.503, 0.011,2.61,0.500, 0.010, 0.000, -4.578
28934, 0.502, 0.503, 0.011,2.80,0.500, 0.010, 0.000, 1.044
28943, 0.501, 0.502, 0.010,2.82,0.500, 0.010, 0.000, 5.338
28953, 0.499, 0.499, 0.011,2.68,0.500, 0.010, 0.000, 8.662
28963, 0.496, 0.496, 0.011,2.38,0.500, 0.010, 0.000, 11.252
28974, 0.494, 0.494, 0.010,1.96,0.500, 0.010, 0.000, 8.673
28984, 0.493, 0.493, 0.010,1.42,0.500, 0.010, 0.000, 2.174
28993, 0.492, 0.492, 0.011,0.83,0.500, 0.010, 0.000, 6.301
29003, 0.491, 0.491, 0.011,0.20,0.500, 0.010, 0.000, 5.068
29014, 0.493, 0.493, 0.011,-0.41,0.500, 0.010, 0.000, -9.582
29024, 0.498, 0.498, 0.010,-1.00,0.500, 0.010, 0.000, -16.842
29033, 0.501, 0.501, 0.008,-1.51,0.500, 0.010, 0.000, -12.444
29043, 0.499, 0.498, 0.010,-1.95,0.500, 0.010, 0.000, 8.728
29053, 0.499, 0.499, 0.011,-2.31,0.500, 0.010, 0.000, -2.522
29064, 0.501, 0.501, 0.010,-2.57,0.500, 0.010, 0.000, -6.564
29073, 0.499, 0.498, 0.009,-2.74,0.500, 0.010, 0.000, 8.734
29083, 0.500, 0.499, 0.010,-2.82,0.500, 0.010, 0.000, -2.458
29093, 0.501, 0.501, 0.010,-2.80,0.500, 0.010, 0.000, -6.363
29104, 0.502, 0.502, 0.011,-2.69,0.500, 0.010, 0.000, -4.997
29113, 0.502, 0.502, 0.011,-2.50,0.500, 0.010, 0.000, 0.745
29123, 0.502, 0.502, 0.011,-2.25,0.500, 0.010, 0.000, 0.538
29133, 0.498, 0.498, 0.010,-1.97,0.500, 0.010, 0.000, 14.057
29144, 0.499, 0.499, 0.010,-1.68,0.500, 0.010, 0.000, -2.923
29153, 0.500, 0.499, 0.010,-1.44,0.500, 0.010, 0.000, -2.192
29163, 0.497, 0.496, 0.011,-1.23,0.500, 0.010, 0.000, 12.171
29173, 0.498, 0.498, 0.010,-1.11,0.500, 0.010, 0.000, -4.451
29184, 0.501, 0.501, 0.011,-1.06,0.500, 0.010, 0.000, -12.645
29193, 0.502, 0.502, 0.011,-1.10,0.500, 0.010, 0.000, -4.984
29203, 0.503, 0.503, 0.011,-1.23,0.500, 0.010, 0.000, -3.920
29213, 0.503, 0.503, 0.010,-1.44,0.500, 0.010, 0.000, 1.576
29223, 0.504, 0.503, 0.010,-1.71,0.500, 0.010, 0.000, -3.405
29234, 0.503, 0.503, 0.010,-2.02,0.500, 0.010, 0.000, 1.896
29243, 0.500, 0.500, 0.011,-2.32,0.500, 0.010, 0.000, 10.352
29253, 0.496, 0.495, 0.011,-2.58,0.500, 0.010, 0.000, 17.554
29263, 0.500, 0.499, 0.012,-2.74,0.500, 0.010, 0.000, -14.104
29274, 0.498, 0.497, 0.012,-2.80,0.500, 0.010, 0.000, 7.502
29283, 0.499, 0.498, 0.012,-2.74,0.500, 0.010, 0.000, -3.470
29293, 0.502, 0.501, 0.011,-2.54,0.500, 0.010, 0.000, -12.066
29303, 0.503, 0.502, 0.012,-2.23,0.500, 0.010, 0.000, -4.413
29314, 0.503, 0.502, 0.011,-1.80,0.500, 0.010, 0.000, 1.089
29323, 0.503, 0.503, 0.011,-1.29,0.500, 0.010, 0.000, -3.791
29333, 0.504, 0.504, 0.011,-0.74,0.500, 0.010, 0.000, -2.963
29343, 0.505, 0.505, 0.011,-0.18,0.500, 0.010, 0.000, -2.341
29353, 0.505, 0.505, 0.011,0.36,0.500, 0.010, 0.000, -1.874
29363, 0.505, 0.506, 0.010,0.86,0.500, 0.010, 0.000, -1.519
29373, 0.506, 0.506, 0.010,1.30,0.500, 0.010, 0.000, -1.259
29383, 0.506, 0.506, 0.010,1.66,0.500, 0.010, 0.000, -1.062
29393, 0.506, 0.506, 0.011,1.92,0.500, 0.010, 0.000, -0.914
29404, 0.501, 0.502, 0.011,2.10,0.500, 0.010, 0.000, 17.534
29413, 0.504, 0.504, 0.011,2.19,0.500, 0.010, 0.000, -9.536
29423, 0.506, 0.506, 0.012,2.22,0.500, 0.010, 0.000, -7.360
29433, 0.506, 0.506, 0.010,2.18,0.500, 0.010, 0.000, -1.139
29444, 0.506, 0.506, 0.010,2.10,0.500, 0.010, 0.000, -0.973
29453, 0.505, 0.505, 0.010,1.99,0.500, 0.010, 0.000, 3.749
29463, 0.499, 0.500, 0.011,1.86,0.500, 0.010, 0.000, 21.138
29473, 0.502, 0.502, 0.011,1.73,0.500, 0.010, 0.000, -11.368
29484, 0.500, 0.500, 0.011,1.61,0.500, 0.010, 0.000, 9.639
29493, 0.501, 0.502, 0.011,1.52,0.500, 0.010, 0.000, -6.385
29503, 0.504, 0.504, 0.012,1.46,0.500, 0.010, 0.000, -9.504
29513, 0.504, 0.505, 0.012,1.45,0.500, 0.010, 0.000, -2.741
29523, 0.504, 0.504, 0.010,1.47,0.500, 0.010, 0.000, 2.414
29533, 0.504, 0.505, 0.010,1.50,0.500, 0.010, 0.000, -2.804
29543, 0.504, 0.504, 0.010,1.90,0.500, 0.010, 0.000, 2.360
29553, 0.503, 0.503, 0.011,1.82,0.500, 0.010, 0.000, 1.762
29563, 0.501, 0.502, 0.011,2.25,0.500, 0.010, 0.000, 5.847
29574, 0.499, 0.499, 0.011,2.05,0.500, 0.010, 0.000, 9.031
29583, 0.502, 0.503, 0.011,2.46,0.500, 0.010, 0.000, -11.401
29593, 0.498, 0.499, 0.012,2.14,0.500, 0.010, 0.000, 14.322
29603, 0.497, 0.497, 0.011,2.49,0.500, 0.010, 0.000, 6.196
29614, 0.499, 0.500, 0.011,2.03,0.500, 0.010, 0.000, -8.981
29623, 0.502, 0.502, 0.010,2.32,0.500, 0.010, 0.000, -11.264
29633, 0.503, 0.503, 0.010,1.71,0.500, 0.010, 0.000, -4.217
29643, 0.502, 0.502, 0.010,1.93,0.500, 0.010, 0.000, 5.867
29654, 0.500, 0.501, 0.010,1.18,0.500, 0.010, 0.000, 4.570
29663, 0.502, 0.502, 0.010,1.38,0.500, 0.010, 0.000, -5.723
29673, 0.503, 0.503, 0.009,0.53,0.500, 0.010, 0.000, -4.406
29683, 0.501, 0.501, 0.009,-0.14,0.500, 0.010, 0.000, 5.840
29693, 0.501, 0.501, 0.010,-0.64,0.500, 0.010, 0.000, -0.233
29703, 0.501, 0.501, 0.010,-0.33,0.500, 0.010, 0.000, -0.205
29713, 0.501, 0.501, 0.010,-0.83,0.500, 0.010, 0.000, -0.182
29723, 0.501, 0.501, 0.010,-0.53,0.500, 0.010, 0.000, -0.164
29733, 0.501, 0.501, 0.010,-0.91,0.500, 0.010, 0.000, -0.152
29744, 0.501, 0.501, 0.011,-1.09,0.500, 0.010, 0.000, -0.142
29753, 0.499, 0.499, 0.011,-1.12,0.500, 0.010, 0.000, 8.874
29763, 0.496, 0.496, 0.011,-0.89,0.500, 0.010, 0.000, 11.565
29773, 0.499, 0.499, 0.012,-0.81,0.500, 0.010, 0.000, -9.438
29784, 0.498, 0.498, 0.012,-0.70,0.500, 0.010, 0.000, 1.978
29793, 0.499, 0.499, 0.011,-0.59,0.500, 0.010, 0.000, -3.066
29803, 0.498, 0.498, 0.011,-0.52,0.500, 0.010, 0.000, 2.317
29813, 0.499, 0.499, 0.010,-0.61,0.500, 0.010, 0.000, -2.761
29824, 0.496, 0.496, 0.011,-0.64,0.500, 0.010, 0.000, 11.857
29834, 0.499, 0.498, 0.011,-0.76,0.500, 0.010, 0.000, -9.321
29843, 0.501, 0.500, 0.012,-0.96,0.500, 0.010, 0.000, -7.173
29853, 0.495, 0.495, 0.012,-1.11,0.500, 0.010, 0.000, 22.069
29863, 0.496, 0.496, 0.012,-1.31,0.500, 0.010, 0.000, -6.048
29873, 0.492, 0.491, 0.011,-1.53,0.500, 0.010, 0.000, 18.442
29884, 0.494, 0.494, 0.012,-1.81,0.500, 0.010, 0.000, -8.956
29893, 0.491, 0.491, 0.012,-1.92,0.500, 0.010, 0.000, 11.552
29903, 0.490, 0.490, 0.012,-2.03,0.500, 0.010, 0.000, 4.651
29914, 0.492, 0.491, 0.012,-2.04,0.500, 0.010, 0.000, -5.425
29923, 0.491, 0.490, 0.011,-1.94,0.500, 0.010, 0.000, 5.153
29933, 0.489, 0.488, 0.010,-1.73,0.500, 0.010, 0.000, 8.701
29943, 0.491, 0.490, 0.011,-1.24,0.500, 0.010, 0.000, -6.901
29954, 0.489, 0.488, 0.012,-0.71,0.500, 0.010, 0.000, 8.622
29963, 0.487, 0.487, 0.011,-0.16,0.500, 0.010, 0.000, 6.795
29973, 0.489, 0.489, 0.011,0.38,0.500, 0.010, 0.000, -8.341
29983, 0.489, 0.489, 0.011,0.87,0.500, 0.010, 0.000, 2.991
29993, 0.491, 0.491, 0.011,1.28,0.500, 0.010, 0.000, -6.693
30003, 0.492, 0.493, 0.011,1.58,0.500, 0.010, 0.000, -4.962
30013, 0.486, 0.487, 0.011,1.77,0.500, 0.010, 0.000, 23.866
30023, 0.491, 0.492, 0.012,1.83,0.500, 0.010, 0.000, -18.205
30033, 0.489, 0.489, 0.012,1.78,0.500, 0.010, 0.000, 9.189
30043, 0.490, 0.490, 0.012,1.64,0.500, 0.010, 0.000, -1.965
30053, 0.491, 0.492, 0.012,1.44,0.500, 0.010, 0.000, -5.909
30063, 0.490, 0.491, 0.012,1.20,0.500, 0.010, 0.000, 4.806
30073, 0.490, 0.490, 0.011,0.98,0.500, 0.010, 0.000, 3.841
30084, 0.490, 0.490, 0.011,0.80,0.500, 0.010, 0.000, -1.461
30093, 0.491, 0.491, 0.011,0.70,0.500, 0.010, 0.000, -0.960
30103, 0.492, 0.492, 0.011,0.70,0.500, 0.010, 0.000, -5.143
30113, 0.488, 0.489, 0.011,0.82,0.500, 0.010, 0.000, 14.430
30124, 0.489, 0.490, 0.011,1.05,0.500, 0.010, 0.000, -2.392
30133, 0.486, 0.487, 0.011,1.40,0.500, 0.010, 0.000, 12.140
30143, 0.483, 0.483, 0.011,1.81,0.500, 0.010, 0.000, 14.103
30153, 0.484, 0.484, 0.011,2.27,0.500, 0.010, 0.000, -2.678
30163, 0.487, 0.488, 0.011,2.73,0.500, 0.010, 0.000, -10.964
30173, 0.485, 0.485, 0.012,3.17,0.500, 0.010, 0.000, 10.241
30183, 0.487, 0.487, 0.012,3.51,0.500, 0.010, 0.000, -5.697
30193, 0.487, 0.487, 0.012,3.72,0.500, 0.010, 0.000, 0.471
30203, 0.488, 0.489, 0.012,3.76,0.500, 0.010, 0.000, -3.988
30214, 0.485, 0.486, 0.012,3.61,0.500, 0.010, 0.000, 10.943
30223, 0.486, 0.486, 0.012,3.29,0.500, 0.010, 0.000, -0.570
30233, 0.486, 0.487, 0.012,2.82,0.500, 0.010, 0.000, -0.185
30243, 0.486, 0.487, 0.012,2.24,0.500, 0.010, 0.000, 0.105
30254, 0.487, 0.487, 0.010,2.24,0.500, 0.010, 0.000, 0.322
30263, 0.487, 0.487, 0.010,1.60,0.500, 0.010, 0.000, 0.479
30273, 0.487, 0.487, 0.010,0.91,0.500, 0.010, 0.000, 0.602
30283, 0.487, 0.487, 0.009,0.24,0.500, 0.010, 0.000, 0.696
30294, 0.487, 0.487, 0.009,-0.59,0.500, 0.010, 0.000, 0.758
30304, 0.488, 0.488, 0.010,-0.04,0.500, 0.010, 0.000, -3.728
30313, 0.488, 0.488, 0.009,-0.85,0.500, 0.010, 0.000, 1.911
30323, 0.490, 0.490, 0.010,-0.18,0.500, 0.010, 0.000, -7.415
30333, 0.487, 0.487, 0.011,-0.86,0.500, 0.010, 0.000, 12.715
30343, 0.485, 0.484, 0.011,-1.24,0.500, 0.010, 0.000, 9.949
30353, 0.482, 0.481, 0.011,-1.37,0.500, 0.010, 0.000, 12.578
30363, 0.482, 0.482, 0.011,-1.33,0.500, 0.010, 0.000, 0.713
30373, 0.483, 0.483, 0.011,-1.17,0.500, 0.010, 0.000, -3.684
30384, 0.484, 0.484, 0.011,-0.96,0.500, 0.010, 0.000, -2.573
30393, 0.481, 0.481, 0.011,-0.76,0.500, 0.010, 0.000, 12.039
30403, 0.482, 0.481, 0.011,-0.61,0.500, 0.010, 0.000, 0.415
30413, 0.483, 0.483, 0.011,-0.59,0.500, 0.010, 0.000, -3.959
30424, 0.485, 0.485, 0.011,-0.73,0.500, 0.010, 0.000, -7.260
30433, 0.486, 0.485, 0.011,-1.06,0.500, 0.010, 0.000, -0.753
30443, 0.481, 0.481, 0.010,-1.58,0.500, 0.010, 0.000, 17.918
30453, 0.482, 0.481, 0.011,-2.24,0.500, 0.010, 0.000, 0.390
30464, 0.483, 0.482, 0.011,-2.98,0.500, 0.010, 0.000, -3.982
30473, 0.483, 0.482, 0.012,-3.72,0.500, 0.010, 0.000, 1.865
30483, 0.484, 0.483, 0.012,-4.41,0.500, 0.010, 0.000, -2.875
30493, 0.483, 0.483, 0.010,-4.90,0.500, 0.010, 0.000, 2.687
30503, 0.483, 0.482, 0.011,-5.16,0.500, 0.010, 0.000, 2.348
30514, 0.484, 0.483, 0.011,-5.15,0.500, 0.010, 0.000, -2.510
30523, 0.485, 0.484, 0.011,-4.93,0.500, 0.010, 0.000, -1.610
30533, 0.479, 0.479, 0.011,-4.52,0.500, 0.010, 0.000, 22.090
30543, 0.479, 0.478, 0.011,-3.96,0.500, 0.010, 0.000, 3.367
30553, 0.480, 0.479, 0.011,-2.91,0.500, 0.010, 0.000, -1.625
30563, 0.482, 0.481, 0.011,-1.92,0.500, 0.010, 0.000, -5.493
30573, 0.483, 0.483, 0.011,-1.04,0.500, 0.010, 0.000, -3.883
30583, 0.484, 0.484, 0.011,-0.29,0.500, 0.010, 0.000, -2.673
30594, 0.484, 0.484, 0.011,0.25,0.500, 0.010, 0.000, 2.845
30603, 0.483, 0.483, 0.011,0.58,0.500, 0.010, 0.000, 2.460
30613, 0.483, 0.483, 0.011,0.65,0.500, 0.010, 0.000, 2.177
30623, 0.483, 0.483, 0.011,0.53,0.500, 0.010, 0.000, 1.964
30633, 0.480, 0.480, 0.011,0.27,0.500, 0.010, 0.000, 10.979
30644, 0.477, 0.477, 0.011,-0.05,0.500, 0.010, 0.000, 13.356
30653, 0.480, 0.480, 0.012,-0.37,0.500, 0.010, 0.000, -7.658
30663, 0.478, 0.478, 0.011,-0.64,0.500, 0.010, 0.000, 8.181
30673, 0.479, 0.479, 0.011,-0.83,0.500, 0.010, 0.000, -2.537
30683, 0.481, 0.481, 0.010,-0.90,0.500, 0.010, 0.000, -6.168
30693, 0.486, 0.486, 0.009,-0.82,0.500, 0.010, 0.000, -18.173
30703, 0.489, 0.489, 0.010,-0.62,0.500, 0.010, 0.000, -9.087
30713, 0.485, 0.485, 0.011,-0.30,0.500, 0.010, 0.000, 16.284
30724, 0.488, 0.488, 0.011,0.11,0.500, 0.010, 0.000, -10.167
30733, 0.488, 0.488, 0.011,0.58,0.500, 0.010, 0.000, 1.516
30743, 0.486, 0.486, 0.011,1.10,0.500, 0.010, 0.000, 5.965
30753, 0.485, 0.486, 0.011,1.63,0.500, 0.010, 0.000, 4.845
30764, 0.488, 0.489, 0.011,2.14,0.500, 0.010, 0.000, -9.827
30773, 0.488, 0.488, 0.011,2.63,0.500, 0.010, 0.000, 1.861
30783, 0.486, 0.487, 0.011,3.05,0.500, 0.010, 0.000, 6.165
30793, 0.485, 0.486, 0.011,3.41,0.500, 0.010, 0.000, 5.053
30803, 0.482, 0.483, 0.011,3.67,0.500, 0.010, 0.000, 13.257
30814, 0.482, 0.483, 0.011,3.82,0.500, 0.010, 0.000, 1.282
30823, 0.482, 0.483, 0.011,3.85,0.500, 0.010, 0.000, 1.293
30833, 0.479, 0.479, 0.011,3.75,0.500, 0.010, 0.000, 15.064
30843, 0.481, 0.481, 0.012,3.52,0.500, 0.010, 0.000, -6.380
30854, 0.480, 0.481, 0.012,3.16,0.500, 0.010, 0.000, 4.599
30863, 0.482, 0.482, 0.012,2.69,0.500, 0.010, 0.000, -5.271
30873, 0.483, 0.484, 0.011,2.93,0.500, 0.010, 0.000, -3.825
30883, 0.485, 0.486, 0.011,2.25,0.500, 0.010, 0.000, -7.130
30894, 0.489, 0.490, 0.011,1.51,0.500, 0.010, 0.000, -14.492
30903, 0.491, 0.491, 0.011,0.74,0.500, 0.010, 0.000, -6.201
30913, 0.488, 0.488, 0.011,-0.04,0.500, 0.010, 0.000, 13.777
30923, 0.491, 0.491, 0.011,-0.77,0.500, 0.010, 0.000, -12.178
30934, 0.490, 0.490, 0.011,-1.45,0.500, 0.010, 0.000, 4.580
30943, 0.489, 0.489, 0.011,-1.96,0.500, 0.010, 0.000, 3.632
30953, 0.488, 0.487, 0.011,-2.32,0.500, 0.010, 0.000, 7.610
30963, 0.489, 0.488, 0.011,-2.43,0.500, 0.010, 0.000, -3.154
30973, 0.488, 0.488, 0.011,-2.34,0.500, 0.010, 0.000, 2.367
30983, 0.484, 0.484, 0.011,-2.09,0.500, 0.010, 0.000, 15.714
30993, 0.485, 0.485, 0.010,-1.74,0.500, 0.010, 0.000, -1.401
31003, 0.488, 0.488, 0.009,-1.31,0.500, 0.010, 0.000, -10.049
31013, 0.490, 0.490, 0.010,-0.87,0.500, 0.010, 0.000, -7.406
31024, 0.492, 0.492, 0.010,-0.45,0.500, 0.010, 0.000, -5.550
31033, 0.494, 0.494, 0.010,-0.00,0.500, 0.010, 0.000, -8.631
31043, 0.494, 0.494, 0.011,0.19,0.500, 0.010, 0.000, 2.679
31053, 0.492, 0.492, 0.011,0.12,0.500, 0.010, 0.000, 6.657
31064, 0.491, 0.491, 0.011,-0.17,0.500, 0.010, 0.000, 5.350
31073, 0.493, 0.493, 0.011,-0.65,0.500, 0.010, 0.000, -9.461
31083, 0.494, 0.494, 0.012,-1.27,0.500, 0.010, 0.000, -2.632
31093, 0.494, 0.493, 0.012,-1.76,0.500, 0.010, 0.000, 2.667
31104, 0.493, 0.493, 0.011,-2.30,0.500, 0.010, 0.000, 2.170
31113, 0.493, 0.492, 0.011,-2.84,0.500, 0.010, 0.000, 1.779
31123, 0.493, 0.492, 0.011,-3.31,0.500, 0.010, 0.000, 1.474
31133, 0.495, 0.494, 0.011,-3.66,0.500, 0.010, 0.000, -7.946
31143, 0.492, 0.491, 0.011,-3.87,0.500, 0.010, 0.000, 12.344
31154, 0.488, 0.487, 0.011,-3.89,0.500, 0.010, 0.000, 14.326
31163, 0.490, 0.490, 0.011,-3.71,0.500, 0.010, 0.000, -7.242
31173, 0.493, 0.492, 0.012,-3.35,0.500, 0.010, 0.000, -10.043
31183, 0.492, 0.491, 0.012,-2.59,0.500, 0.010, 0.000, 6.298
31194, 0.493, 0.492, 0.012,-1.80,0.500, 0.010, 0.000, -4.214
31203, 0.490, 0.490, 0.011,-1.00,0.500, 0.010, 0.000, 10.740
31213, 0.487, 0.487, 0.011,-0.26,0.500, 0.010, 0.000, 12.769
31223, 0.492, 0.492, 0.010,0.41,0.500, 0.010, 0.000, -17.495
31234, 0.493, 0.493, 0.011,0.95,0.500, 0.010, 0.000, -3.973
31243, 0.495, 0.495, 0.011,1.36,0.500, 0.010, 0.000, -7.627
31253, 0.492, 0.492, 0.011,1.60,0.500, 0.010, 0.000, 12.559
31263, 0.494, 0.495, 0.012,1.69,0.500, 0.010, 0.000, -8.565
31273, 0.493, 0.493, 0.012,1.16,0.500, 0.010, 0.000, 7.374
31284, 0.494, 0.494, 0.012,1.13,0.500, 0.010, 0.000, -3.391
31293, 0.496, 0.496, 0.011,0.76,0.500, 0.010, 0.000, -7.021
31303, 0.498, 0.498, 0.010,0.61,0.500, 0.010, 0.000, -9.962
31313, 0.491, 0.491, 0.010,0.45,0.500, 0.010, 0.000, 29.100
31323, 0.496, 0.496, 0.011,0.43,0.500, 0.010, 0.000, -18.709
31333, 0.494, 0.494, 0.012,0.37,0.500, 0.010, 0.000, 8.626
31343, 0.491, 0.491, 0.012,0.33,0.500, 0.010, 0.000, 11.334
31353, 0.493, 0.494, 0.012,0.37,0.500, 0.010, 0.000, -9.609
31364, 0.497, 0.497, 0.011,0.50,0.500, 0.010, 0.000, -11.706
31373, 0.499, 0.499, 0.011,0.75,0.500, 0.010, 0.000, -9.007
31383, 0.494, 0.494, 0.012,1.29,0.500, 0.010, 0.000, 20.793
31393, 0.494, 0.495, 0.011,1.72,0.500, 0.010, 0.000, -2.431
31404, 0.496, 0.497, 0.010,2.37,0.500, 0.010, 0.000, -6.403
31414, 0.498, 0.498, 0.010,2.98,0.500, 0.010, 0.000, -4.856
31423, 0.499, 0.499, 0.010,3.48,0.500, 0.010, 0.000, -3.543
31433, 0.499, 0.500, 0.011,3.54,0.500, 0.010, 0.000, -2.744
31443, 0.495, 0.496, 0.011,3.90,0.500, 0.010, 0.000, 16.199
31454, 0.497, 0.497, 0.011,4.08,0.500, 0.010, 0.000, -5.955
31463, 0.498, 0.499, 0.011,4.04,0.500, 0.010, 0.000, -4.268
31473, 0.498, 0.498, 0.010,3.83,0.500, 0.010, 0.000, 1.291
31483, 0.497, 0.498, 0.009,3.49,0.500, 0.010, 0.000, 1.009
31494, 0.494, 0.494, 0.008,3.03,0.500, 0.010, 0.000, 14.751
31503, 0.491, 0.491, 0.009,2.50,0.500, 0.010, 0.000, 11.022
31513, 0.494, 0.494, 0.010,1.92,0.500, 0.010, 0.000, -9.765
31523, 0.497, 0.497, 0.010,1.68,0.500, 0.010, 0.000, -11.557
31534, 0.495, 0.496, 0.011,1.22,0.500, 0.010, 0.000, 4.803
31543, 0.497, 0.497, 0.011,0.76,0.500, 0.010, 0.000, -5.409
31553, 0.497, 0.497, 0.012,0.36,0.500, 0.010, 0.000, 0.502
31563, 0.496, 0.496, 0.010,0.02,0.500, 0.010, 0.000, 5.024
31574, 0.498, 0.498, 0.010,-0.25,0.500, 0.010, 0.000, -9.900
31583, 0.500, 0.500, 0.010,-0.43,0.500, 0.010, 0.000, -7.525
31593, 0.501, 0.501, 0.010,-0.54,0.500, 0.010, 0.000, -1.134
31603, 0.501, 0.501, 0.010,-0.56,0.500, 0.010, 0.000, -0.883
31613, 0.500, 0.500, 0.010,-0.51,0.500, 0.010, 0.000, 3.899
31623, 0.499, 0.499, 0.010,-0.41,0.500, 0.010, 0.000, 2.969
31633, 0.497, 0.497, 0.010,-0.31,0.500, 0.010, 0.000, 6.951
31643, 0.498, 0.498, 0.011,-0.21,0.500, 0.010, 0.000, -3.830
31653, 0.499, 0.499, 0.011,-0.13,0.500, 0.010, 0.000, -2.931
31664, 0.501, 0.501, 0.011,-0.09,0.500, 0.010, 0.000, -6.843
31673, 0.497, 0.497, 0.011,-0.11,0.500, 0.010, 0.000, 13.098
31683, 0.498, 0.498, 0.011,-0.18,0.500, 0.010, 0.000, -3.680
31693, 0.499, 0.499, 0.010,-0.34,0.500, 0.010, 0.000, -2.778
31704, 0.500, 0.500, 0.010,-0.58,0.500, 0.010, 0.000, -2.123
31713, 0.497, 0.496, 0.010,-0.89,0.500, 0.010, 0.000, 12.154
31723, 0.493, 0.493, 0.010,-1.27,0.500, 0.010, 0.000, 13.980
31733, 0.495, 0.495, 0.011,-1.68,0.500, 0.010, 0.000, -7.572
31744, 0.499, 0.499, 0.011,-2.12,0.500, 0.010, 0.000, -14.960
31754, 0.497, 0.497, 0.011,-2.53,0.500, 0.010, 0.000, 6.991
31763, 0.498, 0.498, 0.011,-2.91,0.500, 0.010, 0.000, -3.739
31773, 0.500, 0.500, 0.011,-3.23,0.500, 0.010, 0.000, -7.505
31783, 0.502, 0.501, 0.012,-3.47,0.500, 0.010, 0.000, -5.691
31794, 0.503, 0.502, 0.012,-3.63,0.500, 0.010, 0.000, -4.401
31803, 0.504, 0.503, 0.012,-3.71,0.500, 0.010, 0.000, -3.407
31813, 0.503, 0.502, 0.012,-3.70,0.500, 0.010, 0.000, 1.916
31823, 0.503, 0.502, 0.010,-3.59,0.500, 0.010, 0.000, 1.401
31834, 0.502, 0.502, 0.010,-3.40,0.500, 0.010, 0.000, 1.029
31843, 0.503, 0.503, 0.011,-3.13,0.500, 0.010, 0.000, -3.842
31853, 0.503, 0.502, 0.011,-2.81,0.500, 0.010, 0.000, 1.585
31863, 0.501, 0.501, 0.011,-2.46,0.500, 0.010, 0.000, 5.724
31874, 0.500, 0.500, 0.011,-2.07,0.500, 0.010, 0.000, 4.388
31884, 0.501, 0.500, 0.011,-1.50,0.500, 0.010, 0.000, -1.265
31893, 0.501, 0.500, 0.011,-1.87,0.500, 0.010, 0.000, -0.943
31903, 0.503, 0.503, 0.011,-1.24,0.500, 0.010, 0.000, -10.080
31913, 0.504, 0.504, 0.011,-1.73,0.500, 0.010, 0.000, -2.998
31923, 0.499, 0.498, 0.011,-1.17,0.500, 0.010, 0.000, 20.363
31933, 0.499, 0.499, 0.012,-0.81,0.500, 0.010, 0.000, -2.576
31943, 0.497, 0.497, 0.012,-0.67,0.500, 0.010, 0.000, 7.349
31953, 0.498, 0.498, 0.012,-1.31,0.500, 0.010, 0.000, -3.583
31964, 0.491, 0.490, 0.012,-1.15,0.500, 0.010, 0.000, 29.849
31973, 0.493, 0.493, 0.012,-1.67,0.500, 0.010, 0.000, -9.471
31983, 0.497, 0.496, 0.012,-1.44,0.500, 0.010, 0.000, -12.052
31993, 0.503, 0.502, 0.011,-1.78,0.500, 0.010, 0.000, -22.442
32004, 0.504, 0.503, 0.011,-1.40,0.500, 0.010, 0.000, -3.720
32013, 0.503, 0.503, 0.011,-1.07,0.500, 0.010, 0.000, 1.655
32023, 0.504, 0.504, 0.011,-0.75,0.500, 0.010, 0.000, -3.376
32033, 0.503, 0.503, 0.011,-0.40,0.500, 0.010, 0.000, 1.941
32044, 0.502, 0.502, 0.011,0.01,0.500, 0.010, 0.000, 6.011
32053, 0.499, 0.499, 0.010,0.48,0.500, 0.010, 0.000, 9.156
32063, 0.499, 0.499, 0.011,1.23,0.500, 0.010, 0.000, 2.474
32073, 0.498, 0.498, 0.011,1.18,0.500, 0.010, 0.000, 1.854
32083, 0.494, 0.495, 0.011,1.97,0.500, 0.010, 0.000, 15.221
32094, 0.495, 0.495, 0.011,2.70,0.500, 0.010, 0.000, -2.019
32103, 0.494, 0.495, 0.011,3.28,0.500, 0.010, 0.000, 3.136
32113, 0.495, 0.495, 0.011,3.67,0.500, 0.010, 0.000, -2.062
32123, 0.496, 0.497, 0.011,3.83,0.500, 0.010, 0.000, -6.082
32134, 0.494, 0.495, 0.011,3.75,0.500, 0.010, 0.000, 9.193
32143, 0.495, 0.495, 0.011,3.50,0.500, 0.010, 0.000, -2.049
32153, 0.496, 0.497, 0.011,3.12,0.500, 0.010, 0.000, -6.072
32163, 0.498, 0.498, 0.011,2.64,0.500, 0.010, 0.000, -4.575
32174, 0.497, 0.498, 0.011,2.11,0.500, 0.010, 0.000, 1.133
32183, 0.496, 0.496, 0.011,1.56,0.500, 0.010, 0.000, 5.512
32193, 0.496, 0.496, 0.011,1.03,0.500, 0.010, 0.000, -0.318
32203, 0.496, 0.496, 0.010,0.57,0.500, 0.010, 0.000, -0.172
32214, 0.496, 0.496, 0.011,0.19,0.500, 0.010, 0.000, -0.071
32223, 0.496, 0.496, 0.011,-0.08,0.500, 0.010, 0.000, 0.009
32233, 0.497, 0.497, 0.010,-0.22,0.500, 0.010, 0.000, 0.071
32243, 0.497, 0.497, 0.009,-0.24,0.500, 0.010, 0.000, 0.113
32253, 0.497, 0.497, 0.010,-0.14,0.500, 0.010, 0.000, 0.147
32264, 0.495, 0.495, 0.010,0.04,0.500, 0.010, 0.000, 4.776
32273, 0.491, 0.491, 0.010,0.29,0.500, 0.010, 0.000, 17.387
32283, 0.492, 0.493, 0.009,0.55,0.500, 0.010, 0.000, -4.826
32293, 0.492, 0.492, 0.010,0.80,0.500, 0.010, 0.000, 1.059
32304, 0.493, 0.494, 0.011,0.98,0.500, 0.010, 0.000, -3.653
32313, 0.493, 0.493, 0.011,1.07,0.500, 0.010, 0.000, 1.933
32323, 0.496, 0.496, 0.011,1.01,0.500, 0.010, 0.000, -12.017
32333, 0.494, 0.494, 0.011,0.81,0.500, 0.010, 0.000, 9.114
32344, 0.496, 0.496, 0.011,0.46,0.500, 0.010, 0.000, -6.743
32353, 0.497, 0.497, 0.011,-0.04,0.500, 0.010, 0.000, -5.045
32363, 0.497, 0.497, 0.013,-0.66,0.500, 0.010, 0.000, 0.750
32373, 0.496, 0.496, 0.013,-1.35,0.500, 0.010, 0.000, 5.177
32384, 0.496, 0.496, 0.013,-2.07,0.500, 0.010, 0.000, -0.526
32393, 0.495, 0.494, 0.011,-2.74,0.500, 0.010, 0.000, 4.242
32403, 0.494, 0.494, 0.011,-3.32,0.500, 0.010, 0.000, 3.366
32413, 0.494, 0.493, 0.011,-3.77,0.500, 0.010, 0.000, 2.674
32423, 0.493, 0.492, 0.010,-4.06,0.500, 0.010, 0.000, 2.139
32433, 0.492, 0.491, 0.010,-4.17,0.500, 0.010, 0.000, 6.318
32443, 0.493, 0.492, 0.011,-4.11,0.500, 0.010, 0.000, -4.195
32453, 0.495, 0.494, 0.011,-3.89,0.500, 0.010, 0.000, -7.611
32463, 0.495, 0.495, 0.011,-3.53,0.500, 0.010, 0.000, -1.192
32474, 0.495, 0.494, 0.011,-3.09,0.500, 0.010, 0.000, 3.753
32483, 0.495, 0.495, 0.011,-2.59,0.500, 0.010, 0.000, -1.617
32493, 0.494, 0.494, 0.011,-2.10,0.500, 0.010, 0.000, 3.434
32503, 0.494, 0.493, 0.010,-1.65,0.500, 0.010, 0.000, 2.745
32514, 0.492, 0.492, 0.010,-1.28,0.500, 0.010, 0.000, 6.802
32523, 0.492, 0.492, 0.011,-1.01,0.500, 0.010, 0.000, 0.749
32533, 0.492, 0.492, 0.010,-0.85,0.500, 0.010, 0.000, 0.714
32543, 0.491, 0.491, 0.010,-0.80,0.500, 0.010, 0.000, 5.284
32553, 0.491, 0.491, 0.011,-0.86,0.500, 0.010, 0.000, -0.391
32563, 0.488, 0.487, 0.011,-1.00,0.500, 0.010, 0.000, 13.636
32573, 0.489, 0.488, 0.011,-1.20,0.500, 0.010, 0.000, -3.131
32583, 0.487, 0.487, 0.011,-1.41,0.500, 0.010, 0.000, 6.989
32593, 0.488, 0.488, 0.011,-1.60,0.500, 0.010, 0.000, -3.612
32603, 0.487, 0.486, 0.011,-1.74,0.500, 0.010, 0.000, 6.591
32613, 0.484, 0.484, 0.011,-1.78,0.500, 0.010, 0.000, 9.925
32623, 0.486, 0.486, 0.011,-1.71,0.500, 0.010, 0.000, -5.954
32633, 0.489, 0.489, 0.011,-1.52,0.500, 0.010, 0.000, -8.830
32644, 0.494, 0.494, 0.012,-1.20,0.500, 0.010, 0.000, -20.431
32653, 0.495, 0.495, 0.012,-0.78,0.500, 0.010, 0.000, -1.715
32663, 0.494, 0.494, 0.012,-0.25,0.500, 0.010, 0.000, 3.371
32673, 0.494, 0.494, 0.012,0.34,0.500, 0.010, 0.000, 2.657
32684, 0.496, 0.496, 0.012,0.97,0.500, 0.010, 0.000, -7.010
32693, 0.496, 0.496, 0.012,1.59,0.500, 0.010, 0.000, -0.701
32703, 0.495, 0.495, 0.011,2.18,0.500, 0.010, 0.000, 4.163
32713, 0.497, 0.497, 0.011,2.70,0.500, 0.010, 0.000, -5.943
32723, 0.495, 0.496, 0.011,3.14,0.500, 0.010, 0.000, 4.655
32733, 0.495, 0.495, 0.010,3.49,0.500, 0.010, 0.000, 3.685
32743, 0.494, 0.495, 0.011,3.75,0.500, 0.010, 0.000, 2.916
32753, 0.492, 0.493, 0.011,3.89,0.500, 0.010, 0.000, 6.935
32763, 0.487, 0.488, 0.011,3.94,0.500, 0.010, 0.000, 19.217
32774, 0.487, 0.488, 0.010,3.88,0.500, 0.010, 0.000, 1.144
32783, 0.490, 0.490, 0.010,3.72,0.500, 0.010, 0.000, -8.089
32793, 0.493, 0.493, 0.011,3.49,0.500, 0.010, 0.000, -10.607
32803, 0.494, 0.494, 0.012,3.18,0.500, 0.010, 0.000, -3.383
32814, 0.493, 0.494, 0.012,2.82,0.500, 0.010, 0.000, 2.124
32823, 0.493, 0.493, 0.012,2.42,0.500, 0.010, 0.000, 1.743
32833, 0.491, 0.492, 0.011,1.99,0.500, 0.010, 0.000, 6.044
32843, 0.488, 0.488, 0.011,1.56,0.500, 0.010, 0.000, 14.001
32854, 0.489, 0.489, 0.011,1.14,0.500, 0.010, 0.000, -2.857
32863, 0.490, 0.490, 0.011,0.75,0.500, 0.010, 0.000, -2.030
32873, 0.490, 0.490, 0.011,0.43,0.500, 0.010, 0.000, -1.349
32883, 0.492, 0.492, 0.012,0.19,0.500, 0.010, 0.000, -5.480
32893, 0.493, 0.493, 0.012,0.03,0.500, 0.010, 0.000, -4.051
32903, 0.494, 0.494, 0.012,-0.05,0.500, 0.010, 0.000, -2.932
32913, 0.492, 0.492, 0.012,-0.09,0.500, 0.010, 0.000, 7.047
32923, 0.491, 0.491, 0.012,-0.09,0.500, 0.010, 0.000, 5.521
32933, 0.490, 0.490, 0.012,-0.05,0.500, 0.010, 0.000, 4.338
32944, 0.492, 0.492, 0.012,-0.00,0.500, 0.010, 0.000, -5.699
32953, 0.491, 0.491, 0.012,0.04,0.500, 0.010, 0.000, 4.981
32963, 0.492, 0.492, 0.011,0.04,0.500, 0.010, 0.000, -5.195
32973, 0.493, 0.493, 0.011,0.00,0.500, 0.010, 0.000, -3.791
